"Id","Path","Slice Name","Alias(s)","Label","Min","Max","Must Support?","Is Modifier?","Is Summary?","Type(s)","Short","Definition","Comments","Requirements","Default Value","Meaning When Missing","Fixed Value","Pattern","Example","Minimum Value","Maximum Value","Maximum Length","Binding Strength","Binding Description","Binding Value Set","Code","Slicing Discriminator","Slicing Description","Slicing Ordered","Slicing Rules","Base Path","Base Min","Base Max","Condition(s)","Constraint(s)"
"EMSProtocol","EMSProtocol","","","",0,*,"","","","null {[]} {[]}
","Einsatzprotokoll für Rettungsdienste","The logical model represents the Emergency Medical Service protocol as an abstract data model. The data elements defined in this model are mapped to the FHIR document structure.","","","","","","","","","",,,,,"",,,,"Base",0,*,"",""
"EMSProtocol.mission","EMSProtocol.mission","","","",1,1,"","","","BackboneElement {[]} {[]}
","Einsatz","Einsatz","","","","","","","","","",,,,,"",,,,"EMSProtocol.mission",1,1,"","ele-1:All FHIR elements must have a @value or children {hasValue() or (children().count() > id.count())}
"
"EMSProtocol.mission.id","EMSProtocol.mission.id","","","",0,1,"","","","string {[]} {[]}
","Unique id for inter-element referencing","Unique id for the element within a resource (for internal references). This may be any string value that does not contain spaces.","","","","","","","","","",,,,,"",,,,"Element.id",0,1,"",""
"EMSProtocol.mission.extension","EMSProtocol.mission.extension","","extensions
user content","",0,*,"","","","Extension {[]} {[]}
","Additional content defined by implementations","May be used to represent additional information that is not part of the basic definition of the element. To make the use of extensions safe and manageable, there is a strict set of governance  applied to the definition and use of extensions. Though any implementer can define an extension, there is a set of requirements that SHALL be met as part of the definition of the extension.","There can be no stigma associated with the use of extensions by any application, project, or standard - regardless of the institution or jurisdiction that uses or defines the extensions.  The use of extensions is what allows the FHIR specification to retain a core level of simplicity for everyone.","","","","","","","","",,,,,"","value:url}
","Extensions are always sliced by (at least) url",,"open","Element.extension",0,*,"","ele-1:All FHIR elements must have a @value or children {hasValue() or (children().count() > id.count())}
ext-1:Must have either extensions or value[x], not both {extension.exists() != value.exists()}"
"EMSProtocol.mission.modifierExtension","EMSProtocol.mission.modifierExtension","","extensions
user contentmodifiers","",0,*,"","Y","Y","Extension {[]} {[]}
","Extensions that cannot be ignored even if unrecognized","May be used to represent additional information that is not part of the basic definition of the element and that modifies the understanding of the element in which it is contained and/or the understanding of the containing element's descendants. Usually modifier elements provide negation or qualification. To make the use of extensions safe and manageable, there is a strict set of governance applied to the definition and use of extensions. Though any implementer can define an extension, there is a set of requirements that SHALL be met as part of the definition of the extension. Applications processing a resource are required to check for modifier extensions.

Modifier extensions SHALL NOT change the meaning of any elements on Resource or DomainResource (including cannot change the meaning of modifierExtension itself).","There can be no stigma associated with the use of extensions by any application, project, or standard - regardless of the institution or jurisdiction that uses or defines the extensions.  The use of extensions is what allows the FHIR specification to retain a core level of simplicity for everyone.","Modifier extensions allow for extensions that *cannot* be safely ignored to be clearly distinguished from the vast majority of extensions which can be safely ignored.  This promotes interoperability by eliminating the need for implementers to prohibit the presence of extensions. For further information, see the [definition of modifier extensions](http://hl7.org/fhir/R4/extensibility.html#modifierExtension).","","","","","","","",,,,,"",,,,"BackboneElement.modifierExtension",0,*,"","ele-1:All FHIR elements must have a @value or children {hasValue() or (children().count() > id.count())}
ext-1:Must have either extensions or value[x], not both {extension.exists() != value.exists()}"
"EMSProtocol.mission.date","EMSProtocol.mission.date","","","",1,1,"","","","date {[]} {[]}
","Einsatzdatum","Einsatzdatum","","","","","","","","","",,,,,"",,,,"EMSProtocol.mission.date",1,1,"",""
"EMSProtocol.mission.number","EMSProtocol.mission.number","","","",1,1,"","","","Identifier {[]} {[]}
","Einsatznummer SNZ (Sanitätsnotrufzentrale)","Einsatznummer SNZ (Sanitätsnotrufzentrale)","","","","","","","","","",,,,,"",,,,"EMSProtocol.mission.number",1,1,"",""
"EMSProtocol.mission.type","EMSProtocol.mission.type","","","",0,1,"","","","CodeableConcept {[]} {[]}
","Einsatzart","Einsatzart","","","","","","","","","",,"extensible","IVR VS (IVR)","http://fhir.ch/ig/ch-ems/ValueSet/IVR-VS-missionType","",,,,"EMSProtocol.mission.type",0,1,"",""
"EMSProtocol.mission.transportReason","EMSProtocol.mission.transportReason","","","",0,*,"","","","CodeableConcept {[]} {[]}
","Transportgrund","Transportgrund","","","","","","","","","",,"extensible","IVR VS (IVR)","http://fhir.ch/ig/ch-ems/ValueSet/IVR-VS-transReason","",,,,"EMSProtocol.mission.transportReason",0,*,"",""
"EMSProtocol.mission.urgency","EMSProtocol.mission.urgency","","","",0,1,"","","","CodeableConcept {[]} {[]}
","Dringlichkeit","Dringlichkeit","","","","","","","","","",,"extensible","IVR VS (IVR)","http://fhir.ch/ig/ch-ems/ValueSet/IVR-VS-urgency","",,,,"EMSProtocol.mission.urgency",0,1,"","ele-1:All FHIR elements must have a @value or children {hasValue() or (children().count() > id.count())}
"
"EMSProtocol.mission.urgency.id","EMSProtocol.mission.urgency.id","","","",0,1,"","","","string {[]} {[]}
","Unique id for inter-element referencing","Unique id for the element within a resource (for internal references). This may be any string value that does not contain spaces.","","","","","","","","","",,,,,"",,,,"Element.id",0,1,"",""
"EMSProtocol.mission.urgency.extension","EMSProtocol.mission.urgency.extension","","extensions
user content","",0,*,"","","","Extension {[]} {[]}
","Additional content defined by implementations","May be used to represent additional information that is not part of the basic definition of the element. To make the use of extensions safe and manageable, there is a strict set of governance  applied to the definition and use of extensions. Though any implementer can define an extension, there is a set of requirements that SHALL be met as part of the definition of the extension.","There can be no stigma associated with the use of extensions by any application, project, or standard - regardless of the institution or jurisdiction that uses or defines the extensions.  The use of extensions is what allows the FHIR specification to retain a core level of simplicity for everyone.","","","","","","","","",,,,,"","value:url}
","Extensions are always sliced by (at least) url",,"open","Element.extension",0,*,"","ele-1:All FHIR elements must have a @value or children {hasValue() or (children().count() > id.count())}
ext-1:Must have either extensions or value[x], not both {extension.exists() != value.exists()}"
"EMSProtocol.mission.urgency.coding","EMSProtocol.mission.urgency.coding","","","",0,*,"","","Y","Coding {[]} {[]}
","Code defined by a terminology system","A reference to a code defined by a terminology system.","Codes may be defined very casually in enumerations, or code lists, up to very formal definitions such as SNOMED CT - see the HL7 v3 Core Principles for more information.  Ordering of codings is undefined and SHALL NOT be used to infer meaning. Generally, at most only one of the coding values will be labeled as UserSelected = true.","Allows for alternative encodings within a code system, and translations to other code systems.","","","","","","","",,,,,"",,,,"CodeableConcept.coding",0,*,"","ele-1:All FHIR elements must have a @value or children {hasValue() or (children().count() > id.count())}
"
"EMSProtocol.mission.urgency.text","EMSProtocol.mission.urgency.text","","","",0,1,"","","Y","string {[]} {[]}
","Plain text representation of the concept","A human language representation of the concept as seen/selected/uttered by the user who entered the data and/or which represents the intended meaning of the user.","Very often the text is the same as a displayName of one of the codings.","The codes from the terminologies do not always capture the correct meaning with all the nuances of the human using them, or sometimes there is no appropriate code at all. In these cases, the text is used to capture the full meaning of the source.","","","","","","","",,,,,"",,,,"CodeableConcept.text",0,1,"","ele-1:All FHIR elements must have a @value or children {hasValue() or (children().count() > id.count())}
"
"EMSProtocol.mission.urgency.adequacy","EMSProtocol.mission.urgency.adequacy","","","",0,1,"","","","CodeableConcept {[]} {[]}
","Angemessenheit der Dringlichkeit","Angemessenheit der Dringlichkeit","","","","","","","","","",,"extensible","IVR VS (SCT & IVR)","http://fhir.ch/ig/ch-ems/ValueSet/IVR-VS-urgency-adequate","",,,,"EMSProtocol.mission.urgency.adequacy",0,1,"",""
"EMSProtocol.mission.requestingOrganisation","EMSProtocol.mission.requestingOrganisation","","","",1,1,"","","","BackboneElement {[]} {[]}
","Aufbietende Organisation","Aufbietende Organisation","","","","","","","","","",,,,,"",,,,"EMSProtocol.mission.requestingOrganisation",1,1,"","ele-1:All FHIR elements must have a @value or children {hasValue() or (children().count() > id.count())}
"
"EMSProtocol.mission.requestingOrganisation.id","EMSProtocol.mission.requestingOrganisation.id","","","",0,1,"","","","string {[]} {[]}
","Unique id for inter-element referencing","Unique id for the element within a resource (for internal references). This may be any string value that does not contain spaces.","","","","","","","","","",,,,,"",,,,"Element.id",0,1,"",""
"EMSProtocol.mission.requestingOrganisation.extension","EMSProtocol.mission.requestingOrganisation.extension","","extensions
user content","",0,*,"","","","Extension {[]} {[]}
","Additional content defined by implementations","May be used to represent additional information that is not part of the basic definition of the element. To make the use of extensions safe and manageable, there is a strict set of governance  applied to the definition and use of extensions. Though any implementer can define an extension, there is a set of requirements that SHALL be met as part of the definition of the extension.","There can be no stigma associated with the use of extensions by any application, project, or standard - regardless of the institution or jurisdiction that uses or defines the extensions.  The use of extensions is what allows the FHIR specification to retain a core level of simplicity for everyone.","","","","","","","","",,,,,"","value:url}
","Extensions are always sliced by (at least) url",,"open","Element.extension",0,*,"","ele-1:All FHIR elements must have a @value or children {hasValue() or (children().count() > id.count())}
ext-1:Must have either extensions or value[x], not both {extension.exists() != value.exists()}"
"EMSProtocol.mission.requestingOrganisation.modifierExtension","EMSProtocol.mission.requestingOrganisation.modifierExtension","","extensions
user contentmodifiers","",0,*,"","Y","Y","Extension {[]} {[]}
","Extensions that cannot be ignored even if unrecognized","May be used to represent additional information that is not part of the basic definition of the element and that modifies the understanding of the element in which it is contained and/or the understanding of the containing element's descendants. Usually modifier elements provide negation or qualification. To make the use of extensions safe and manageable, there is a strict set of governance applied to the definition and use of extensions. Though any implementer can define an extension, there is a set of requirements that SHALL be met as part of the definition of the extension. Applications processing a resource are required to check for modifier extensions.

Modifier extensions SHALL NOT change the meaning of any elements on Resource or DomainResource (including cannot change the meaning of modifierExtension itself).","There can be no stigma associated with the use of extensions by any application, project, or standard - regardless of the institution or jurisdiction that uses or defines the extensions.  The use of extensions is what allows the FHIR specification to retain a core level of simplicity for everyone.","Modifier extensions allow for extensions that *cannot* be safely ignored to be clearly distinguished from the vast majority of extensions which can be safely ignored.  This promotes interoperability by eliminating the need for implementers to prohibit the presence of extensions. For further information, see the [definition of modifier extensions](http://hl7.org/fhir/R4/extensibility.html#modifierExtension).","","","","","","","",,,,,"",,,,"BackboneElement.modifierExtension",0,*,"","ele-1:All FHIR elements must have a @value or children {hasValue() or (children().count() > id.count())}
ext-1:Must have either extensions or value[x], not both {extension.exists() != value.exists()}"
"EMSProtocol.mission.requestingOrganisation.name","EMSProtocol.mission.requestingOrganisation.name","","","",1,1,"","","","string {[]} {[]}
","Name","Name","","","","","","","","","",,,,,"",,,,"EMSProtocol.mission.requestingOrganisation.name",1,1,"",""
"EMSProtocol.mission.requestingOrganisation.gln","EMSProtocol.mission.requestingOrganisation.gln","","","",1,1,"","","","Identifier {[]} {[]}
","GLN (Global Location Number)","GLN (Global Location Number)","","","","","","","","","",,,,,"",,,,"EMSProtocol.mission.requestingOrganisation.gln",1,1,"",""
"EMSProtocol.mission.respondingOrganisation","EMSProtocol.mission.respondingOrganisation","","","",1,1,"","","","BackboneElement {[]} {[]}
","Aufgebotene Organisation","Aufgebotene Organisation","","","","","","","","","",,,,,"",,,,"EMSProtocol.mission.respondingOrganisation",1,1,"","ele-1:All FHIR elements must have a @value or children {hasValue() or (children().count() > id.count())}
"
"EMSProtocol.mission.respondingOrganisation.id","EMSProtocol.mission.respondingOrganisation.id","","","",0,1,"","","","string {[]} {[]}
","Unique id for inter-element referencing","Unique id for the element within a resource (for internal references). This may be any string value that does not contain spaces.","","","","","","","","","",,,,,"",,,,"Element.id",0,1,"",""
"EMSProtocol.mission.respondingOrganisation.extension","EMSProtocol.mission.respondingOrganisation.extension","","extensions
user content","",0,*,"","","","Extension {[]} {[]}
","Additional content defined by implementations","May be used to represent additional information that is not part of the basic definition of the element. To make the use of extensions safe and manageable, there is a strict set of governance  applied to the definition and use of extensions. Though any implementer can define an extension, there is a set of requirements that SHALL be met as part of the definition of the extension.","There can be no stigma associated with the use of extensions by any application, project, or standard - regardless of the institution or jurisdiction that uses or defines the extensions.  The use of extensions is what allows the FHIR specification to retain a core level of simplicity for everyone.","","","","","","","","",,,,,"","value:url}
","Extensions are always sliced by (at least) url",,"open","Element.extension",0,*,"","ele-1:All FHIR elements must have a @value or children {hasValue() or (children().count() > id.count())}
ext-1:Must have either extensions or value[x], not both {extension.exists() != value.exists()}"
"EMSProtocol.mission.respondingOrganisation.modifierExtension","EMSProtocol.mission.respondingOrganisation.modifierExtension","","extensions
user contentmodifiers","",0,*,"","Y","Y","Extension {[]} {[]}
","Extensions that cannot be ignored even if unrecognized","May be used to represent additional information that is not part of the basic definition of the element and that modifies the understanding of the element in which it is contained and/or the understanding of the containing element's descendants. Usually modifier elements provide negation or qualification. To make the use of extensions safe and manageable, there is a strict set of governance applied to the definition and use of extensions. Though any implementer can define an extension, there is a set of requirements that SHALL be met as part of the definition of the extension. Applications processing a resource are required to check for modifier extensions.

Modifier extensions SHALL NOT change the meaning of any elements on Resource or DomainResource (including cannot change the meaning of modifierExtension itself).","There can be no stigma associated with the use of extensions by any application, project, or standard - regardless of the institution or jurisdiction that uses or defines the extensions.  The use of extensions is what allows the FHIR specification to retain a core level of simplicity for everyone.","Modifier extensions allow for extensions that *cannot* be safely ignored to be clearly distinguished from the vast majority of extensions which can be safely ignored.  This promotes interoperability by eliminating the need for implementers to prohibit the presence of extensions. For further information, see the [definition of modifier extensions](http://hl7.org/fhir/R4/extensibility.html#modifierExtension).","","","","","","","",,,,,"",,,,"BackboneElement.modifierExtension",0,*,"","ele-1:All FHIR elements must have a @value or children {hasValue() or (children().count() > id.count())}
ext-1:Must have either extensions or value[x], not both {extension.exists() != value.exists()}"
"EMSProtocol.mission.respondingOrganisation.name","EMSProtocol.mission.respondingOrganisation.name","","","",1,1,"","","","string {[]} {[]}
","Name","Name","","","","","","","","","",,,,,"",,,,"EMSProtocol.mission.respondingOrganisation.name",1,1,"",""
"EMSProtocol.mission.respondingOrganisation.gln","EMSProtocol.mission.respondingOrganisation.gln","","","",1,1,"","","","Identifier {[]} {[]}
","GLN (Global Location Number)","GLN (Global Location Number)","","","","","","","","","",,,,,"",,,,"EMSProtocol.mission.respondingOrganisation.gln",1,1,"",""
"EMSProtocol.mission.respondingOrganisation.team","EMSProtocol.mission.respondingOrganisation.team","","","",1,1,"","","","BackboneElement {[]} {[]}
","Einsatzteam","Einsatzteam","","","","","","","","","",,,,,"",,,,"EMSProtocol.mission.respondingOrganisation.team",1,1,"","ele-1:All FHIR elements must have a @value or children {hasValue() or (children().count() > id.count())}
"
"EMSProtocol.mission.respondingOrganisation.team.id","EMSProtocol.mission.respondingOrganisation.team.id","","","",0,1,"","","","string {[]} {[]}
","Unique id for inter-element referencing","Unique id for the element within a resource (for internal references). This may be any string value that does not contain spaces.","","","","","","","","","",,,,,"",,,,"Element.id",0,1,"",""
"EMSProtocol.mission.respondingOrganisation.team.extension","EMSProtocol.mission.respondingOrganisation.team.extension","","extensions
user content","",0,*,"","","","Extension {[]} {[]}
","Additional content defined by implementations","May be used to represent additional information that is not part of the basic definition of the element. To make the use of extensions safe and manageable, there is a strict set of governance  applied to the definition and use of extensions. Though any implementer can define an extension, there is a set of requirements that SHALL be met as part of the definition of the extension.","There can be no stigma associated with the use of extensions by any application, project, or standard - regardless of the institution or jurisdiction that uses or defines the extensions.  The use of extensions is what allows the FHIR specification to retain a core level of simplicity for everyone.","","","","","","","","",,,,,"","value:url}
","Extensions are always sliced by (at least) url",,"open","Element.extension",0,*,"","ele-1:All FHIR elements must have a @value or children {hasValue() or (children().count() > id.count())}
ext-1:Must have either extensions or value[x], not both {extension.exists() != value.exists()}"
"EMSProtocol.mission.respondingOrganisation.team.modifierExtension","EMSProtocol.mission.respondingOrganisation.team.modifierExtension","","extensions
user contentmodifiers","",0,*,"","Y","Y","Extension {[]} {[]}
","Extensions that cannot be ignored even if unrecognized","May be used to represent additional information that is not part of the basic definition of the element and that modifies the understanding of the element in which it is contained and/or the understanding of the containing element's descendants. Usually modifier elements provide negation or qualification. To make the use of extensions safe and manageable, there is a strict set of governance applied to the definition and use of extensions. Though any implementer can define an extension, there is a set of requirements that SHALL be met as part of the definition of the extension. Applications processing a resource are required to check for modifier extensions.

Modifier extensions SHALL NOT change the meaning of any elements on Resource or DomainResource (including cannot change the meaning of modifierExtension itself).","There can be no stigma associated with the use of extensions by any application, project, or standard - regardless of the institution or jurisdiction that uses or defines the extensions.  The use of extensions is what allows the FHIR specification to retain a core level of simplicity for everyone.","Modifier extensions allow for extensions that *cannot* be safely ignored to be clearly distinguished from the vast majority of extensions which can be safely ignored.  This promotes interoperability by eliminating the need for implementers to prohibit the presence of extensions. For further information, see the [definition of modifier extensions](http://hl7.org/fhir/R4/extensibility.html#modifierExtension).","","","","","","","",,,,,"",,,,"BackboneElement.modifierExtension",0,*,"","ele-1:All FHIR elements must have a @value or children {hasValue() or (children().count() > id.count())}
ext-1:Must have either extensions or value[x], not both {extension.exists() != value.exists()}"
"EMSProtocol.mission.respondingOrganisation.team.name","EMSProtocol.mission.respondingOrganisation.team.name","","","",1,1,"","","","string {[]} {[]}
","Name","Name","","","","","","","","","",,,,,"",,,,"EMSProtocol.mission.respondingOrganisation.team.name",1,1,"",""
"EMSProtocol.mission.respondingOrganisation.team.gln","EMSProtocol.mission.respondingOrganisation.team.gln","","","",1,1,"","","","Identifier {[]} {[]}
","GLN (Global Location Number) der aufgebotenen Organisation","GLN (Global Location Number) der aufgebotenen Organisation","","","","","","","","","",,,,,"",,,,"EMSProtocol.mission.respondingOrganisation.team.gln",1,1,"",""
"EMSProtocol.mission.respondingOrganisation.team.member","EMSProtocol.mission.respondingOrganisation.team.member","","","",0,*,"","","","BackboneElement {[]} {[]}
","Teammitglied","Teammitglied","","","","","","","","","",,,,,"",,,,"EMSProtocol.mission.respondingOrganisation.team.member",0,*,"","ele-1:All FHIR elements must have a @value or children {hasValue() or (children().count() > id.count())}
"
"EMSProtocol.mission.respondingOrganisation.team.member.id","EMSProtocol.mission.respondingOrganisation.team.member.id","","","",0,1,"","","","string {[]} {[]}
","Unique id for inter-element referencing","Unique id for the element within a resource (for internal references). This may be any string value that does not contain spaces.","","","","","","","","","",,,,,"",,,,"Element.id",0,1,"",""
"EMSProtocol.mission.respondingOrganisation.team.member.extension","EMSProtocol.mission.respondingOrganisation.team.member.extension","","extensions
user content","",0,*,"","","","Extension {[]} {[]}
","Additional content defined by implementations","May be used to represent additional information that is not part of the basic definition of the element. To make the use of extensions safe and manageable, there is a strict set of governance  applied to the definition and use of extensions. Though any implementer can define an extension, there is a set of requirements that SHALL be met as part of the definition of the extension.","There can be no stigma associated with the use of extensions by any application, project, or standard - regardless of the institution or jurisdiction that uses or defines the extensions.  The use of extensions is what allows the FHIR specification to retain a core level of simplicity for everyone.","","","","","","","","",,,,,"","value:url}
","Extensions are always sliced by (at least) url",,"open","Element.extension",0,*,"","ele-1:All FHIR elements must have a @value or children {hasValue() or (children().count() > id.count())}
ext-1:Must have either extensions or value[x], not both {extension.exists() != value.exists()}"
"EMSProtocol.mission.respondingOrganisation.team.member.modifierExtension","EMSProtocol.mission.respondingOrganisation.team.member.modifierExtension","","extensions
user contentmodifiers","",0,*,"","Y","Y","Extension {[]} {[]}
","Extensions that cannot be ignored even if unrecognized","May be used to represent additional information that is not part of the basic definition of the element and that modifies the understanding of the element in which it is contained and/or the understanding of the containing element's descendants. Usually modifier elements provide negation or qualification. To make the use of extensions safe and manageable, there is a strict set of governance applied to the definition and use of extensions. Though any implementer can define an extension, there is a set of requirements that SHALL be met as part of the definition of the extension. Applications processing a resource are required to check for modifier extensions.

Modifier extensions SHALL NOT change the meaning of any elements on Resource or DomainResource (including cannot change the meaning of modifierExtension itself).","There can be no stigma associated with the use of extensions by any application, project, or standard - regardless of the institution or jurisdiction that uses or defines the extensions.  The use of extensions is what allows the FHIR specification to retain a core level of simplicity for everyone.","Modifier extensions allow for extensions that *cannot* be safely ignored to be clearly distinguished from the vast majority of extensions which can be safely ignored.  This promotes interoperability by eliminating the need for implementers to prohibit the presence of extensions. For further information, see the [definition of modifier extensions](http://hl7.org/fhir/R4/extensibility.html#modifierExtension).","","","","","","","",,,,,"",,,,"BackboneElement.modifierExtension",0,*,"","ele-1:All FHIR elements must have a @value or children {hasValue() or (children().count() > id.count())}
ext-1:Must have either extensions or value[x], not both {extension.exists() != value.exists()}"
"EMSProtocol.mission.respondingOrganisation.team.member.role","EMSProtocol.mission.respondingOrganisation.team.member.role","","","",1,1,"","","","CodeableConcept {[]} {[]}
","Rolle","Rolle","","","","","","","","","",,"extensible","IVR VS (SCT & IVR)","http://fhir.ch/ig/ch-ems/ValueSet/IVR-VS-teamRole","",,,,"EMSProtocol.mission.respondingOrganisation.team.member.role",1,1,"",""
"EMSProtocol.mission.respondingOrganisation.team.member.name","EMSProtocol.mission.respondingOrganisation.team.member.name","","","",0,1,"","","","HumanName {[]} {[]}
","Name","Name","","","","","","","","","",,,,,"",,,,"EMSProtocol.mission.respondingOrganisation.team.member.name",0,1,"","ele-1:All FHIR elements must have a @value or children {hasValue() or (children().count() > id.count())}
"
"EMSProtocol.mission.respondingOrganisation.team.member.name.id","EMSProtocol.mission.respondingOrganisation.team.member.name.id","","","",0,1,"","","","string {[]} {[]}
","Unique id for inter-element referencing","Unique id for the element within a resource (for internal references). This may be any string value that does not contain spaces.","","","","","","","","","",,,,,"",,,,"Element.id",0,1,"",""
"EMSProtocol.mission.respondingOrganisation.team.member.name.extension","EMSProtocol.mission.respondingOrganisation.team.member.name.extension","","extensions
user content","",0,*,"","","","Extension {[]} {[]}
","Additional content defined by implementations","May be used to represent additional information that is not part of the basic definition of the element. To make the use of extensions safe and manageable, there is a strict set of governance  applied to the definition and use of extensions. Though any implementer can define an extension, there is a set of requirements that SHALL be met as part of the definition of the extension.","There can be no stigma associated with the use of extensions by any application, project, or standard - regardless of the institution or jurisdiction that uses or defines the extensions.  The use of extensions is what allows the FHIR specification to retain a core level of simplicity for everyone.","","","","","","","","",,,,,"","value:url}
","Extensions are always sliced by (at least) url",,"open","Element.extension",0,*,"","ele-1:All FHIR elements must have a @value or children {hasValue() or (children().count() > id.count())}
ext-1:Must have either extensions or value[x], not both {extension.exists() != value.exists()}"
"EMSProtocol.mission.respondingOrganisation.team.member.name.use","EMSProtocol.mission.respondingOrganisation.team.member.name.use","","","",0,1,"","Y","Y","code {[]} {[]}
","usual | official | temp | nickname | anonymous | old | maiden","Identifies the purpose for this name.","Applications can assume that a name is current unless it explicitly says that it is temporary or old.","Allows the appropriate name for a particular context of use to be selected from among a set of names.","","","","","","","",,"required","The use of a human name.","http://hl7.org/fhir/ValueSet/name-use|4.0.1","",,,,"HumanName.use",0,1,"","ele-1:All FHIR elements must have a @value or children {hasValue() or (children().count() > id.count())}
"
"EMSProtocol.mission.respondingOrganisation.team.member.name.text","EMSProtocol.mission.respondingOrganisation.team.member.name.text","","","",0,1,"","","Y","string {[]} {[]}
","Text representation of the full name","Specifies the entire name as it should be displayed e.g. on an application UI. This may be provided instead of or as well as the specific parts.","Can provide both a text representation and parts. Applications updating a name SHALL ensure that when both text and parts are present,  no content is included in the text that isn't found in a part.","A renderable, unencoded form.","","","","","","","",,,,,"",,,,"HumanName.text",0,1,"","ele-1:All FHIR elements must have a @value or children {hasValue() or (children().count() > id.count())}
"
"EMSProtocol.mission.respondingOrganisation.team.member.name.family","EMSProtocol.mission.respondingOrganisation.team.member.name.family","","surname
","",0,1,"","","Y","string {[]} {[]}
","Family name (often called 'Surname')","The part of a name that links to the genealogy. In some cultures (e.g. Eritrea) the family name of a son is the first name of his father.","Family Name may be decomposed into specific parts using extensions (de, nl, es related cultures).","","","","","","","","",,,,,"",,,,"HumanName.family",0,1,"","ele-1:All FHIR elements must have a @value or children {hasValue() or (children().count() > id.count())}
"
"EMSProtocol.mission.respondingOrganisation.team.member.name.given","EMSProtocol.mission.respondingOrganisation.team.member.name.given","","first name
middle name","",0,*,"","","Y","string {[]} {[]}
","Given names (not always 'first'). Includes middle names","Given name.","If only initials are recorded, they may be used in place of the full name parts. Initials may be separated into multiple given names but often aren't due to paractical limitations.  This element is not called ""first name"" since given names do not always come first.","","","","","","","","",,,,,"",,,,"HumanName.given",0,*,"","ele-1:All FHIR elements must have a @value or children {hasValue() or (children().count() > id.count())}
"
"EMSProtocol.mission.respondingOrganisation.team.member.name.prefix","EMSProtocol.mission.respondingOrganisation.team.member.name.prefix","","","",0,*,"","","Y","string {[]} {[]}
","Parts that come before the name","Part of the name that is acquired as a title due to academic, legal, employment or nobility status, etc. and that appears at the start of the name.","","","","","","","","","",,,,,"",,,,"HumanName.prefix",0,*,"","ele-1:All FHIR elements must have a @value or children {hasValue() or (children().count() > id.count())}
"
"EMSProtocol.mission.respondingOrganisation.team.member.name.suffix","EMSProtocol.mission.respondingOrganisation.team.member.name.suffix","","","",0,*,"","","Y","string {[]} {[]}
","Parts that come after the name","Part of the name that is acquired as a title due to academic, legal, employment or nobility status, etc. and that appears at the end of the name.","","","","","","","","","",,,,,"",,,,"HumanName.suffix",0,*,"","ele-1:All FHIR elements must have a @value or children {hasValue() or (children().count() > id.count())}
"
"EMSProtocol.mission.respondingOrganisation.team.member.name.period","EMSProtocol.mission.respondingOrganisation.team.member.name.period","","","",0,1,"","","Y","Period {[]} {[]}
","Time period when name was/is in use","Indicates the period of time when this name was valid for the named person.","","Allows names to be placed in historical context.","","","","","","","",,,,,"",,,,"HumanName.period",0,1,"","ele-1:All FHIR elements must have a @value or children {hasValue() or (children().count() > id.count())}
"
"EMSProtocol.mission.respondingOrganisation.team.member.name.firstName","EMSProtocol.mission.respondingOrganisation.team.member.name.firstName","","","",0,1,"","","","string {[]} {[]}
","Vorname","Vorname","","","","","","","","","",,,,,"",,,,"EMSProtocol.mission.respondingOrganisation.team.member.name.firstName",0,1,"",""
"EMSProtocol.mission.respondingOrganisation.team.member.name.lastName","EMSProtocol.mission.respondingOrganisation.team.member.name.lastName","","","",0,1,"","","","string {[]} {[]}
","Nachname","Nachname","","","","","","","","","",,,,,"",,,,"EMSProtocol.mission.respondingOrganisation.team.member.name.lastName",0,1,"",""
"EMSProtocol.mission.respondingOrganisation.team.member.gln","EMSProtocol.mission.respondingOrganisation.team.member.gln","","","",0,1,"","","","Identifier {[]} {[]}
","Persönliche GLN (Global Location Number)","Persönliche GLN (Global Location Number)","","","","","","","","","",,,,,"",,,,"EMSProtocol.mission.respondingOrganisation.team.member.gln",0,1,"",""
"EMSProtocol.mission.respondingOrganisation.team.member.formation","EMSProtocol.mission.respondingOrganisation.team.member.formation","","","",0,*,"","","","CodeableConcept {[]} {[]}
","Ausbildung","Ausbildung","","","","","","","","","",,"extensible","IVR VS (SCT & IVR)","http://fhir.ch/ig/ch-ems/ValueSet/IVR-VS-formation","",,,,"EMSProtocol.mission.respondingOrganisation.team.member.formation",0,*,"",""
"EMSProtocol.mission.location","EMSProtocol.mission.location","","","",0,1,"","","","BackboneElement {[]} {[]}
","Einsatzort","Einsatzort","","","","","","","","","",,,,,"",,,,"EMSProtocol.mission.location",0,1,"","ele-1:All FHIR elements must have a @value or children {hasValue() or (children().count() > id.count())}
"
"EMSProtocol.mission.location.id","EMSProtocol.mission.location.id","","","",0,1,"","","","string {[]} {[]}
","Unique id for inter-element referencing","Unique id for the element within a resource (for internal references). This may be any string value that does not contain spaces.","","","","","","","","","",,,,,"",,,,"Element.id",0,1,"",""
"EMSProtocol.mission.location.extension","EMSProtocol.mission.location.extension","","extensions
user content","",0,*,"","","","Extension {[]} {[]}
","Additional content defined by implementations","May be used to represent additional information that is not part of the basic definition of the element. To make the use of extensions safe and manageable, there is a strict set of governance  applied to the definition and use of extensions. Though any implementer can define an extension, there is a set of requirements that SHALL be met as part of the definition of the extension.","There can be no stigma associated with the use of extensions by any application, project, or standard - regardless of the institution or jurisdiction that uses or defines the extensions.  The use of extensions is what allows the FHIR specification to retain a core level of simplicity for everyone.","","","","","","","","",,,,,"","value:url}
","Extensions are always sliced by (at least) url",,"open","Element.extension",0,*,"","ele-1:All FHIR elements must have a @value or children {hasValue() or (children().count() > id.count())}
ext-1:Must have either extensions or value[x], not both {extension.exists() != value.exists()}"
"EMSProtocol.mission.location.modifierExtension","EMSProtocol.mission.location.modifierExtension","","extensions
user contentmodifiers","",0,*,"","Y","Y","Extension {[]} {[]}
","Extensions that cannot be ignored even if unrecognized","May be used to represent additional information that is not part of the basic definition of the element and that modifies the understanding of the element in which it is contained and/or the understanding of the containing element's descendants. Usually modifier elements provide negation or qualification. To make the use of extensions safe and manageable, there is a strict set of governance applied to the definition and use of extensions. Though any implementer can define an extension, there is a set of requirements that SHALL be met as part of the definition of the extension. Applications processing a resource are required to check for modifier extensions.

Modifier extensions SHALL NOT change the meaning of any elements on Resource or DomainResource (including cannot change the meaning of modifierExtension itself).","There can be no stigma associated with the use of extensions by any application, project, or standard - regardless of the institution or jurisdiction that uses or defines the extensions.  The use of extensions is what allows the FHIR specification to retain a core level of simplicity for everyone.","Modifier extensions allow for extensions that *cannot* be safely ignored to be clearly distinguished from the vast majority of extensions which can be safely ignored.  This promotes interoperability by eliminating the need for implementers to prohibit the presence of extensions. For further information, see the [definition of modifier extensions](http://hl7.org/fhir/R4/extensibility.html#modifierExtension).","","","","","","","",,,,,"",,,,"BackboneElement.modifierExtension",0,*,"","ele-1:All FHIR elements must have a @value or children {hasValue() or (children().count() > id.count())}
ext-1:Must have either extensions or value[x], not both {extension.exists() != value.exists()}"
"EMSProtocol.mission.location.address","EMSProtocol.mission.location.address","","","",0,1,"","","","Address {[]} {[]}
","Adresse","Adresse","","","","","","","","","",,,,,"",,,,"EMSProtocol.mission.location.address",0,1,"","ele-1:All FHIR elements must have a @value or children {hasValue() or (children().count() > id.count())}
"
"EMSProtocol.mission.location.address.id","EMSProtocol.mission.location.address.id","","","",0,1,"","","","string {[]} {[]}
","Unique id for inter-element referencing","Unique id for the element within a resource (for internal references). This may be any string value that does not contain spaces.","","","","","","","","","",,,,,"",,,,"Element.id",0,1,"",""
"EMSProtocol.mission.location.address.extension","EMSProtocol.mission.location.address.extension","","extensions
user content","",0,*,"","","","Extension {[]} {[]}
","Additional content defined by implementations","May be used to represent additional information that is not part of the basic definition of the element. To make the use of extensions safe and manageable, there is a strict set of governance  applied to the definition and use of extensions. Though any implementer can define an extension, there is a set of requirements that SHALL be met as part of the definition of the extension.","There can be no stigma associated with the use of extensions by any application, project, or standard - regardless of the institution or jurisdiction that uses or defines the extensions.  The use of extensions is what allows the FHIR specification to retain a core level of simplicity for everyone.","","","","","","","","",,,,,"","value:url}
","Extensions are always sliced by (at least) url",,"open","Element.extension",0,*,"","ele-1:All FHIR elements must have a @value or children {hasValue() or (children().count() > id.count())}
ext-1:Must have either extensions or value[x], not both {extension.exists() != value.exists()}"
"EMSProtocol.mission.location.address.use","EMSProtocol.mission.location.address.use","","","",0,1,"","Y","Y","code {[]} {[]}
","home | work | temp | old | billing - purpose of this address","The purpose of this address.","Applications can assume that an address is current unless it explicitly says that it is temporary or old.","Allows an appropriate address to be chosen from a list of many.","","","","","<valueCode xmlns=""http://hl7.org/fhir"" value=""home""/>","","",,"required","The use of an address.","http://hl7.org/fhir/ValueSet/address-use|4.0.1","",,,,"Address.use",0,1,"","ele-1:All FHIR elements must have a @value or children {hasValue() or (children().count() > id.count())}
"
"EMSProtocol.mission.location.address.type","EMSProtocol.mission.location.address.type","","","",0,1,"","","Y","code {[]} {[]}
","postal | physical | both","Distinguishes between physical addresses (those you can visit) and mailing addresses (e.g. PO Boxes and care-of addresses). Most addresses are both.","The definition of Address states that ""address is intended to describe postal addresses, not physical locations"". However, many applications track whether an address has a dual purpose of being a location that can be visited as well as being a valid delivery destination, and Postal addresses are often used as proxies for physical locations (also see the [Location](http://hl7.org/fhir/R4/location.html#) resource).","","","","","","<valueCode xmlns=""http://hl7.org/fhir"" value=""both""/>","","",,"required","The type of an address (physical / postal).","http://hl7.org/fhir/ValueSet/address-type|4.0.1","",,,,"Address.type",0,1,"","ele-1:All FHIR elements must have a @value or children {hasValue() or (children().count() > id.count())}
"
"EMSProtocol.mission.location.address.text","EMSProtocol.mission.location.address.text","","","",0,1,"","","Y","string {[]} {[]}
","Text representation of the address","Specifies the entire address as it should be displayed e.g. on a postal label. This may be provided instead of or as well as the specific parts.","Can provide both a text representation and parts. Applications updating an address SHALL ensure that  when both text and parts are present,  no content is included in the text that isn't found in a part.","A renderable, unencoded form.","","","","","<valueString xmlns=""http://hl7.org/fhir"" value=""137 Nowhere Street, Erewhon 9132""/>","","",,,,,"",,,,"Address.text",0,1,"","ele-1:All FHIR elements must have a @value or children {hasValue() or (children().count() > id.count())}
"
"EMSProtocol.mission.location.address.line","EMSProtocol.mission.location.address.line","","","",0,*,"","","Y","string {[]} {[]}
","Street name, number, direction & P.O. Box etc.","This component contains the house number, apartment number, street name, street direction,  P.O. Box number, delivery hints, and similar address information.","","","","","","","<valueString xmlns=""http://hl7.org/fhir"" value=""137 Nowhere Street""/>","","",,,,,"",,,,"Address.line",0,*,"","ele-1:All FHIR elements must have a @value or children {hasValue() or (children().count() > id.count())}
"
"EMSProtocol.mission.location.address.city","EMSProtocol.mission.location.address.city","","Municpality
","",0,1,"","","Y","string {[]} {[]}
","Ort","Ort","","","","","","","<valueString xmlns=""http://hl7.org/fhir"" value=""Erewhon""/>","","",,,,,"",,,,"Address.city",0,1,"","ele-1:All FHIR elements must have a @value or children {hasValue() or (children().count() > id.count())}
"
"EMSProtocol.mission.location.address.district","EMSProtocol.mission.location.address.district","","County
","",0,1,"","","Y","string {[]} {[]}
","District name (aka county)","The name of the administrative area (county).","District is sometimes known as county, but in some regions 'county' is used in place of city (municipality), so county name should be conveyed in city instead.","","","","","","<valueString xmlns=""http://hl7.org/fhir"" value=""Madison""/>","","",,,,,"",,,,"Address.district",0,1,"","ele-1:All FHIR elements must have a @value or children {hasValue() or (children().count() > id.count())}
"
"EMSProtocol.mission.location.address.state","EMSProtocol.mission.location.address.state","","Province
Territory","",0,1,"","","Y","string {[]} {[]}
","Sub-unit of country (abbreviations ok)","Sub-unit of a country with limited sovereignty in a federally organized country. A code may be used if codes are in common use (e.g. US 2 letter state codes).","","","","","","","","","",,,,,"",,,,"Address.state",0,1,"","ele-1:All FHIR elements must have a @value or children {hasValue() or (children().count() > id.count())}
"
"EMSProtocol.mission.location.address.postalCode","EMSProtocol.mission.location.address.postalCode","","Zip
","",0,1,"","","Y","string {[]} {[]}
","Postal code for area","A postal code designating a region defined by the postal service.","","","","","","","<valueString xmlns=""http://hl7.org/fhir"" value=""9132""/>","","",,,,,"",,,,"Address.postalCode",0,1,"","ele-1:All FHIR elements must have a @value or children {hasValue() or (children().count() > id.count())}
"
"EMSProtocol.mission.location.address.country","EMSProtocol.mission.location.address.country","","","",0,1,"","","Y","string {[]} {[]}
","Country (e.g. can be ISO 3166 2 or 3 letter code)","Country - a nation as commonly understood or generally accepted.","ISO 3166 3 letter codes can be used in place of a human readable country name.","","","","","","","","",,,,,"",,,,"Address.country",0,1,"","ele-1:All FHIR elements must have a @value or children {hasValue() or (children().count() > id.count())}
"
"EMSProtocol.mission.location.address.period","EMSProtocol.mission.location.address.period","","","",0,1,"","","Y","Period {[]} {[]}
","Time period when address was/is in use","Time period when address was/is in use.","","Allows addresses to be placed in historical context.","","","","","<valuePeriod xmlns=""http://hl7.org/fhir"">
  <start value=""2010-03-23""/>
  <end value=""2010-07-01""/>
</valuePeriod>","","",,,,,"",,,,"Address.period",0,1,"","ele-1:All FHIR elements must have a @value or children {hasValue() or (children().count() > id.count())}
"
"EMSProtocol.mission.location.address.street","EMSProtocol.mission.location.address.street","","","",0,1,"","","","string {[]} {[]}
","Strasse","Strasse","","","","","","","","","",,,,,"",,,,"EMSProtocol.mission.location.address.street",0,1,"",""
"EMSProtocol.mission.location.address.zipCode","EMSProtocol.mission.location.address.zipCode","","","",0,1,"","","","string {[]} {[]}
","PLZ","PLZ","","","","","","","","","",,,,,"",,,,"EMSProtocol.mission.location.address.zipCode",0,1,"",""
"EMSProtocol.mission.location.position","EMSProtocol.mission.location.position","","","",0,1,"","","","BackboneElement {[]} {[]}
","Koordinaten","Koordinaten","","","","","","","","","",,,,,"",,,,"EMSProtocol.mission.location.position",0,1,"","ele-1:All FHIR elements must have a @value or children {hasValue() or (children().count() > id.count())}
"
"EMSProtocol.mission.location.position.id","EMSProtocol.mission.location.position.id","","","",0,1,"","","","string {[]} {[]}
","Unique id for inter-element referencing","Unique id for the element within a resource (for internal references). This may be any string value that does not contain spaces.","","","","","","","","","",,,,,"",,,,"Element.id",0,1,"",""
"EMSProtocol.mission.location.position.extension","EMSProtocol.mission.location.position.extension","","extensions
user content","",0,*,"","","","Extension {[]} {[]}
","Additional content defined by implementations","May be used to represent additional information that is not part of the basic definition of the element. To make the use of extensions safe and manageable, there is a strict set of governance  applied to the definition and use of extensions. Though any implementer can define an extension, there is a set of requirements that SHALL be met as part of the definition of the extension.","There can be no stigma associated with the use of extensions by any application, project, or standard - regardless of the institution or jurisdiction that uses or defines the extensions.  The use of extensions is what allows the FHIR specification to retain a core level of simplicity for everyone.","","","","","","","","",,,,,"","value:url}
","Extensions are always sliced by (at least) url",,"open","Element.extension",0,*,"","ele-1:All FHIR elements must have a @value or children {hasValue() or (children().count() > id.count())}
ext-1:Must have either extensions or value[x], not both {extension.exists() != value.exists()}"
"EMSProtocol.mission.location.position.modifierExtension","EMSProtocol.mission.location.position.modifierExtension","","extensions
user contentmodifiers","",0,*,"","Y","Y","Extension {[]} {[]}
","Extensions that cannot be ignored even if unrecognized","May be used to represent additional information that is not part of the basic definition of the element and that modifies the understanding of the element in which it is contained and/or the understanding of the containing element's descendants. Usually modifier elements provide negation or qualification. To make the use of extensions safe and manageable, there is a strict set of governance applied to the definition and use of extensions. Though any implementer can define an extension, there is a set of requirements that SHALL be met as part of the definition of the extension. Applications processing a resource are required to check for modifier extensions.

Modifier extensions SHALL NOT change the meaning of any elements on Resource or DomainResource (including cannot change the meaning of modifierExtension itself).","There can be no stigma associated with the use of extensions by any application, project, or standard - regardless of the institution or jurisdiction that uses or defines the extensions.  The use of extensions is what allows the FHIR specification to retain a core level of simplicity for everyone.","Modifier extensions allow for extensions that *cannot* be safely ignored to be clearly distinguished from the vast majority of extensions which can be safely ignored.  This promotes interoperability by eliminating the need for implementers to prohibit the presence of extensions. For further information, see the [definition of modifier extensions](http://hl7.org/fhir/R4/extensibility.html#modifierExtension).","","","","","","","",,,,,"",,,,"BackboneElement.modifierExtension",0,*,"","ele-1:All FHIR elements must have a @value or children {hasValue() or (children().count() > id.count())}
ext-1:Must have either extensions or value[x], not both {extension.exists() != value.exists()}"
"EMSProtocol.mission.location.position.longitude","EMSProtocol.mission.location.position.longitude","","","",1,1,"","","","decimal {[]} {[]}
","Längengrad","Längengrad","","","","","","","","","",,,,,"",,,,"EMSProtocol.mission.location.position.longitude",1,1,"",""
"EMSProtocol.mission.location.position.latitude","EMSProtocol.mission.location.position.latitude","","","",1,1,"","","","decimal {[]} {[]}
","Breitengrad","Breitengrad","","","","","","","","","",,,,,"",,,,"EMSProtocol.mission.location.position.latitude",1,1,"",""
"EMSProtocol.mission.location.name","EMSProtocol.mission.location.name","","","",0,1,"","","","string {[]} {[]}
","Ortsname","Ortsname","","","","","","","","","",,,,,"",,,,"EMSProtocol.mission.location.name",0,1,"",""
"EMSProtocol.mission.location.type","EMSProtocol.mission.location.type","","","",0,1,"","","","CodeableConcept {[]} {[]}
","Ortstyp","Ortstyp","","","","","","","","","",,"extensible","IVR VS (SCT & IVR)","http://fhir.ch/ig/ch-ems/ValueSet/IVR-VS-locationType","",,,,"EMSProtocol.mission.location.type",0,1,"",""
"EMSProtocol.mission.destination","EMSProtocol.mission.destination","","","",0,1,"","","","BackboneElement {[]} {[]}
","Zielort","Zielort","","","","","","","","","",,,,,"",,,,"EMSProtocol.mission.destination",0,1,"","ele-1:All FHIR elements must have a @value or children {hasValue() or (children().count() > id.count())}
"
"EMSProtocol.mission.destination.id","EMSProtocol.mission.destination.id","","","",0,1,"","","","string {[]} {[]}
","Unique id for inter-element referencing","Unique id for the element within a resource (for internal references). This may be any string value that does not contain spaces.","","","","","","","","","",,,,,"",,,,"Element.id",0,1,"",""
"EMSProtocol.mission.destination.extension","EMSProtocol.mission.destination.extension","","extensions
user content","",0,*,"","","","Extension {[]} {[]}
","Additional content defined by implementations","May be used to represent additional information that is not part of the basic definition of the element. To make the use of extensions safe and manageable, there is a strict set of governance  applied to the definition and use of extensions. Though any implementer can define an extension, there is a set of requirements that SHALL be met as part of the definition of the extension.","There can be no stigma associated with the use of extensions by any application, project, or standard - regardless of the institution or jurisdiction that uses or defines the extensions.  The use of extensions is what allows the FHIR specification to retain a core level of simplicity for everyone.","","","","","","","","",,,,,"","value:url}
","Extensions are always sliced by (at least) url",,"open","Element.extension",0,*,"","ele-1:All FHIR elements must have a @value or children {hasValue() or (children().count() > id.count())}
ext-1:Must have either extensions or value[x], not both {extension.exists() != value.exists()}"
"EMSProtocol.mission.destination.modifierExtension","EMSProtocol.mission.destination.modifierExtension","","extensions
user contentmodifiers","",0,*,"","Y","Y","Extension {[]} {[]}
","Extensions that cannot be ignored even if unrecognized","May be used to represent additional information that is not part of the basic definition of the element and that modifies the understanding of the element in which it is contained and/or the understanding of the containing element's descendants. Usually modifier elements provide negation or qualification. To make the use of extensions safe and manageable, there is a strict set of governance applied to the definition and use of extensions. Though any implementer can define an extension, there is a set of requirements that SHALL be met as part of the definition of the extension. Applications processing a resource are required to check for modifier extensions.

Modifier extensions SHALL NOT change the meaning of any elements on Resource or DomainResource (including cannot change the meaning of modifierExtension itself).","There can be no stigma associated with the use of extensions by any application, project, or standard - regardless of the institution or jurisdiction that uses or defines the extensions.  The use of extensions is what allows the FHIR specification to retain a core level of simplicity for everyone.","Modifier extensions allow for extensions that *cannot* be safely ignored to be clearly distinguished from the vast majority of extensions which can be safely ignored.  This promotes interoperability by eliminating the need for implementers to prohibit the presence of extensions. For further information, see the [definition of modifier extensions](http://hl7.org/fhir/R4/extensibility.html#modifierExtension).","","","","","","","",,,,,"",,,,"BackboneElement.modifierExtension",0,*,"","ele-1:All FHIR elements must have a @value or children {hasValue() or (children().count() > id.count())}
ext-1:Must have either extensions or value[x], not both {extension.exists() != value.exists()}"
"EMSProtocol.mission.destination.address","EMSProtocol.mission.destination.address","","","",0,1,"","","","Address {[]} {[]}
","Adresse","Adresse","","","","","","","","","",,,,,"",,,,"EMSProtocol.mission.destination.address",0,1,"","ele-1:All FHIR elements must have a @value or children {hasValue() or (children().count() > id.count())}
"
"EMSProtocol.mission.destination.address.id","EMSProtocol.mission.destination.address.id","","","",0,1,"","","","string {[]} {[]}
","Unique id for inter-element referencing","Unique id for the element within a resource (for internal references). This may be any string value that does not contain spaces.","","","","","","","","","",,,,,"",,,,"Element.id",0,1,"",""
"EMSProtocol.mission.destination.address.extension","EMSProtocol.mission.destination.address.extension","","extensions
user content","",0,*,"","","","Extension {[]} {[]}
","Additional content defined by implementations","May be used to represent additional information that is not part of the basic definition of the element. To make the use of extensions safe and manageable, there is a strict set of governance  applied to the definition and use of extensions. Though any implementer can define an extension, there is a set of requirements that SHALL be met as part of the definition of the extension.","There can be no stigma associated with the use of extensions by any application, project, or standard - regardless of the institution or jurisdiction that uses or defines the extensions.  The use of extensions is what allows the FHIR specification to retain a core level of simplicity for everyone.","","","","","","","","",,,,,"","value:url}
","Extensions are always sliced by (at least) url",,"open","Element.extension",0,*,"","ele-1:All FHIR elements must have a @value or children {hasValue() or (children().count() > id.count())}
ext-1:Must have either extensions or value[x], not both {extension.exists() != value.exists()}"
"EMSProtocol.mission.destination.address.use","EMSProtocol.mission.destination.address.use","","","",0,1,"","Y","Y","code {[]} {[]}
","home | work | temp | old | billing - purpose of this address","The purpose of this address.","Applications can assume that an address is current unless it explicitly says that it is temporary or old.","Allows an appropriate address to be chosen from a list of many.","","","","","<valueCode xmlns=""http://hl7.org/fhir"" value=""home""/>","","",,"required","The use of an address.","http://hl7.org/fhir/ValueSet/address-use|4.0.1","",,,,"Address.use",0,1,"","ele-1:All FHIR elements must have a @value or children {hasValue() or (children().count() > id.count())}
"
"EMSProtocol.mission.destination.address.type","EMSProtocol.mission.destination.address.type","","","",0,1,"","","Y","code {[]} {[]}
","postal | physical | both","Distinguishes between physical addresses (those you can visit) and mailing addresses (e.g. PO Boxes and care-of addresses). Most addresses are both.","The definition of Address states that ""address is intended to describe postal addresses, not physical locations"". However, many applications track whether an address has a dual purpose of being a location that can be visited as well as being a valid delivery destination, and Postal addresses are often used as proxies for physical locations (also see the [Location](http://hl7.org/fhir/R4/location.html#) resource).","","","","","","<valueCode xmlns=""http://hl7.org/fhir"" value=""both""/>","","",,"required","The type of an address (physical / postal).","http://hl7.org/fhir/ValueSet/address-type|4.0.1","",,,,"Address.type",0,1,"","ele-1:All FHIR elements must have a @value or children {hasValue() or (children().count() > id.count())}
"
"EMSProtocol.mission.destination.address.text","EMSProtocol.mission.destination.address.text","","","",0,1,"","","Y","string {[]} {[]}
","Text representation of the address","Specifies the entire address as it should be displayed e.g. on a postal label. This may be provided instead of or as well as the specific parts.","Can provide both a text representation and parts. Applications updating an address SHALL ensure that  when both text and parts are present,  no content is included in the text that isn't found in a part.","A renderable, unencoded form.","","","","","<valueString xmlns=""http://hl7.org/fhir"" value=""137 Nowhere Street, Erewhon 9132""/>","","",,,,,"",,,,"Address.text",0,1,"","ele-1:All FHIR elements must have a @value or children {hasValue() or (children().count() > id.count())}
"
"EMSProtocol.mission.destination.address.line","EMSProtocol.mission.destination.address.line","","","",0,*,"","","Y","string {[]} {[]}
","Street name, number, direction & P.O. Box etc.","This component contains the house number, apartment number, street name, street direction,  P.O. Box number, delivery hints, and similar address information.","","","","","","","<valueString xmlns=""http://hl7.org/fhir"" value=""137 Nowhere Street""/>","","",,,,,"",,,,"Address.line",0,*,"","ele-1:All FHIR elements must have a @value or children {hasValue() or (children().count() > id.count())}
"
"EMSProtocol.mission.destination.address.city","EMSProtocol.mission.destination.address.city","","Municpality
","",0,1,"","","Y","string {[]} {[]}
","Ort","Ort","","","","","","","<valueString xmlns=""http://hl7.org/fhir"" value=""Erewhon""/>","","",,,,,"",,,,"Address.city",0,1,"","ele-1:All FHIR elements must have a @value or children {hasValue() or (children().count() > id.count())}
"
"EMSProtocol.mission.destination.address.district","EMSProtocol.mission.destination.address.district","","County
","",0,1,"","","Y","string {[]} {[]}
","District name (aka county)","The name of the administrative area (county).","District is sometimes known as county, but in some regions 'county' is used in place of city (municipality), so county name should be conveyed in city instead.","","","","","","<valueString xmlns=""http://hl7.org/fhir"" value=""Madison""/>","","",,,,,"",,,,"Address.district",0,1,"","ele-1:All FHIR elements must have a @value or children {hasValue() or (children().count() > id.count())}
"
"EMSProtocol.mission.destination.address.state","EMSProtocol.mission.destination.address.state","","Province
Territory","",0,1,"","","Y","string {[]} {[]}
","Sub-unit of country (abbreviations ok)","Sub-unit of a country with limited sovereignty in a federally organized country. A code may be used if codes are in common use (e.g. US 2 letter state codes).","","","","","","","","","",,,,,"",,,,"Address.state",0,1,"","ele-1:All FHIR elements must have a @value or children {hasValue() or (children().count() > id.count())}
"
"EMSProtocol.mission.destination.address.postalCode","EMSProtocol.mission.destination.address.postalCode","","Zip
","",0,1,"","","Y","string {[]} {[]}
","Postal code for area","A postal code designating a region defined by the postal service.","","","","","","","<valueString xmlns=""http://hl7.org/fhir"" value=""9132""/>","","",,,,,"",,,,"Address.postalCode",0,1,"","ele-1:All FHIR elements must have a @value or children {hasValue() or (children().count() > id.count())}
"
"EMSProtocol.mission.destination.address.country","EMSProtocol.mission.destination.address.country","","","",0,1,"","","Y","string {[]} {[]}
","Country (e.g. can be ISO 3166 2 or 3 letter code)","Country - a nation as commonly understood or generally accepted.","ISO 3166 3 letter codes can be used in place of a human readable country name.","","","","","","","","",,,,,"",,,,"Address.country",0,1,"","ele-1:All FHIR elements must have a @value or children {hasValue() or (children().count() > id.count())}
"
"EMSProtocol.mission.destination.address.period","EMSProtocol.mission.destination.address.period","","","",0,1,"","","Y","Period {[]} {[]}
","Time period when address was/is in use","Time period when address was/is in use.","","Allows addresses to be placed in historical context.","","","","","<valuePeriod xmlns=""http://hl7.org/fhir"">
  <start value=""2010-03-23""/>
  <end value=""2010-07-01""/>
</valuePeriod>","","",,,,,"",,,,"Address.period",0,1,"","ele-1:All FHIR elements must have a @value or children {hasValue() or (children().count() > id.count())}
"
"EMSProtocol.mission.destination.address.street","EMSProtocol.mission.destination.address.street","","","",0,1,"","","","string {[]} {[]}
","Strasse","Strasse","","","","","","","","","",,,,,"",,,,"EMSProtocol.mission.destination.address.street",0,1,"",""
"EMSProtocol.mission.destination.address.zipCode","EMSProtocol.mission.destination.address.zipCode","","","",0,1,"","","","string {[]} {[]}
","PLZ","PLZ","","","","","","","","","",,,,,"",,,,"EMSProtocol.mission.destination.address.zipCode",0,1,"",""
"EMSProtocol.mission.destination.position","EMSProtocol.mission.destination.position","","","",0,1,"","","","BackboneElement {[]} {[]}
","Koordinaten","Koordinaten","","","","","","","","","",,,,,"",,,,"EMSProtocol.mission.destination.position",0,1,"","ele-1:All FHIR elements must have a @value or children {hasValue() or (children().count() > id.count())}
"
"EMSProtocol.mission.destination.position.id","EMSProtocol.mission.destination.position.id","","","",0,1,"","","","string {[]} {[]}
","Unique id for inter-element referencing","Unique id for the element within a resource (for internal references). This may be any string value that does not contain spaces.","","","","","","","","","",,,,,"",,,,"Element.id",0,1,"",""
"EMSProtocol.mission.destination.position.extension","EMSProtocol.mission.destination.position.extension","","extensions
user content","",0,*,"","","","Extension {[]} {[]}
","Additional content defined by implementations","May be used to represent additional information that is not part of the basic definition of the element. To make the use of extensions safe and manageable, there is a strict set of governance  applied to the definition and use of extensions. Though any implementer can define an extension, there is a set of requirements that SHALL be met as part of the definition of the extension.","There can be no stigma associated with the use of extensions by any application, project, or standard - regardless of the institution or jurisdiction that uses or defines the extensions.  The use of extensions is what allows the FHIR specification to retain a core level of simplicity for everyone.","","","","","","","","",,,,,"","value:url}
","Extensions are always sliced by (at least) url",,"open","Element.extension",0,*,"","ele-1:All FHIR elements must have a @value or children {hasValue() or (children().count() > id.count())}
ext-1:Must have either extensions or value[x], not both {extension.exists() != value.exists()}"
"EMSProtocol.mission.destination.position.modifierExtension","EMSProtocol.mission.destination.position.modifierExtension","","extensions
user contentmodifiers","",0,*,"","Y","Y","Extension {[]} {[]}
","Extensions that cannot be ignored even if unrecognized","May be used to represent additional information that is not part of the basic definition of the element and that modifies the understanding of the element in which it is contained and/or the understanding of the containing element's descendants. Usually modifier elements provide negation or qualification. To make the use of extensions safe and manageable, there is a strict set of governance applied to the definition and use of extensions. Though any implementer can define an extension, there is a set of requirements that SHALL be met as part of the definition of the extension. Applications processing a resource are required to check for modifier extensions.

Modifier extensions SHALL NOT change the meaning of any elements on Resource or DomainResource (including cannot change the meaning of modifierExtension itself).","There can be no stigma associated with the use of extensions by any application, project, or standard - regardless of the institution or jurisdiction that uses or defines the extensions.  The use of extensions is what allows the FHIR specification to retain a core level of simplicity for everyone.","Modifier extensions allow for extensions that *cannot* be safely ignored to be clearly distinguished from the vast majority of extensions which can be safely ignored.  This promotes interoperability by eliminating the need for implementers to prohibit the presence of extensions. For further information, see the [definition of modifier extensions](http://hl7.org/fhir/R4/extensibility.html#modifierExtension).","","","","","","","",,,,,"",,,,"BackboneElement.modifierExtension",0,*,"","ele-1:All FHIR elements must have a @value or children {hasValue() or (children().count() > id.count())}
ext-1:Must have either extensions or value[x], not both {extension.exists() != value.exists()}"
"EMSProtocol.mission.destination.position.longitude","EMSProtocol.mission.destination.position.longitude","","","",1,1,"","","","decimal {[]} {[]}
","Längengrad","Längengrad","","","","","","","","","",,,,,"",,,,"EMSProtocol.mission.destination.position.longitude",1,1,"",""
"EMSProtocol.mission.destination.position.latitude","EMSProtocol.mission.destination.position.latitude","","","",1,1,"","","","decimal {[]} {[]}
","Breitengrad","Breitengrad","","","","","","","","","",,,,,"",,,,"EMSProtocol.mission.destination.position.latitude",1,1,"",""
"EMSProtocol.mission.destination.name","EMSProtocol.mission.destination.name","","","",0,1,"","","","string {[]} {[]}
","Ortsname","Ortsname","","","","","","","","","",,,,,"",,,,"EMSProtocol.mission.destination.name",0,1,"",""
"EMSProtocol.mission.destination.type","EMSProtocol.mission.destination.type","","","",0,1,"","","","CodeableConcept {[]} {[]}
","Ortstyp","Ortstyp","","","","","","","","","",,"extensible","IVR VS (SCT & IVR)","http://fhir.ch/ig/ch-ems/ValueSet/IVR-VS-locationType","",,,,"EMSProtocol.mission.destination.type",0,1,"",""
"EMSProtocol.mission.destination.gln","EMSProtocol.mission.destination.gln","","","",0,1,"","","","Identifier {[]} {[]}
","GLN (Global Location Number)","GLN (Global Location Number)","","","","","","","","","",,,,,"",,,,"EMSProtocol.mission.destination.gln",0,1,"",""
"EMSProtocol.mission.statusTime","EMSProtocol.mission.statusTime","","","",0,*,"","","","BackboneElement {[]} {[]}
","Statuszeit","Statuszeit","","","","","","","","","",,,,,"",,,,"EMSProtocol.mission.statusTime",0,*,"","ele-1:All FHIR elements must have a @value or children {hasValue() or (children().count() > id.count())}
"
"EMSProtocol.mission.statusTime.id","EMSProtocol.mission.statusTime.id","","","",0,1,"","","","string {[]} {[]}
","Unique id for inter-element referencing","Unique id for the element within a resource (for internal references). This may be any string value that does not contain spaces.","","","","","","","","","",,,,,"",,,,"Element.id",0,1,"",""
"EMSProtocol.mission.statusTime.extension","EMSProtocol.mission.statusTime.extension","","extensions
user content","",0,*,"","","","Extension {[]} {[]}
","Additional content defined by implementations","May be used to represent additional information that is not part of the basic definition of the element. To make the use of extensions safe and manageable, there is a strict set of governance  applied to the definition and use of extensions. Though any implementer can define an extension, there is a set of requirements that SHALL be met as part of the definition of the extension.","There can be no stigma associated with the use of extensions by any application, project, or standard - regardless of the institution or jurisdiction that uses or defines the extensions.  The use of extensions is what allows the FHIR specification to retain a core level of simplicity for everyone.","","","","","","","","",,,,,"","value:url}
","Extensions are always sliced by (at least) url",,"open","Element.extension",0,*,"","ele-1:All FHIR elements must have a @value or children {hasValue() or (children().count() > id.count())}
ext-1:Must have either extensions or value[x], not both {extension.exists() != value.exists()}"
"EMSProtocol.mission.statusTime.modifierExtension","EMSProtocol.mission.statusTime.modifierExtension","","extensions
user contentmodifiers","",0,*,"","Y","Y","Extension {[]} {[]}
","Extensions that cannot be ignored even if unrecognized","May be used to represent additional information that is not part of the basic definition of the element and that modifies the understanding of the element in which it is contained and/or the understanding of the containing element's descendants. Usually modifier elements provide negation or qualification. To make the use of extensions safe and manageable, there is a strict set of governance applied to the definition and use of extensions. Though any implementer can define an extension, there is a set of requirements that SHALL be met as part of the definition of the extension. Applications processing a resource are required to check for modifier extensions.

Modifier extensions SHALL NOT change the meaning of any elements on Resource or DomainResource (including cannot change the meaning of modifierExtension itself).","There can be no stigma associated with the use of extensions by any application, project, or standard - regardless of the institution or jurisdiction that uses or defines the extensions.  The use of extensions is what allows the FHIR specification to retain a core level of simplicity for everyone.","Modifier extensions allow for extensions that *cannot* be safely ignored to be clearly distinguished from the vast majority of extensions which can be safely ignored.  This promotes interoperability by eliminating the need for implementers to prohibit the presence of extensions. For further information, see the [definition of modifier extensions](http://hl7.org/fhir/R4/extensibility.html#modifierExtension).","","","","","","","",,,,,"",,,,"BackboneElement.modifierExtension",0,*,"","ele-1:All FHIR elements must have a @value or children {hasValue() or (children().count() > id.count())}
ext-1:Must have either extensions or value[x], not both {extension.exists() != value.exists()}"
"EMSProtocol.mission.statusTime.time","EMSProtocol.mission.statusTime.time","","","",1,1,"","","","dateTime {[]} {[]}
","Zeitpunkt","Zeitpunkt","","","","","","","","","",,,,,"",,,,"EMSProtocol.mission.statusTime.time",1,1,"",""
"EMSProtocol.mission.statusTime.meaning","EMSProtocol.mission.statusTime.meaning","","","",1,1,"","","","CodeableConcept {[]} {[]}
","Bedeutung der Statuszeit","Bedeutung der Statuszeit","","","","","","","","","",,"extensible","IVR VS (IVR)","http://fhir.ch/ig/ch-ems/ValueSet/IVR-VS-missionTimeRole","",,,,"EMSProtocol.mission.statusTime.meaning",1,1,"",""
"EMSProtocol.mission.valuablesPatient","EMSProtocol.mission.valuablesPatient","","","",0,*,"","","","CodeableConcept {[]} {[]}
","Wertsachen Patient","Wertsachen Patient","","","","","","","","","",,"extensible","IVR VS (SCT & IVR)","http://fhir.ch/ig/ch-ems/ValueSet/IVR-VS-valType","",,,,"EMSProtocol.mission.valuablesPatient",0,*,"",""
"EMSProtocol.mission.emergencyDoctorSystem","EMSProtocol.mission.emergencyDoctorSystem","","","",0,1,"","","","CodeableConcept {[]} {[]}
","Notarzt/Notärtzin System","Notarzt/Notärtzin System","","","","","","","","","",,"extensible","IVR VS (SCT & IVR)","http://fhir.ch/ig/ch-ems/ValueSet/IVR-VS-emergDoctSystem","",,,,"EMSProtocol.mission.emergencyDoctorSystem",0,1,"",""
"EMSProtocol.mission.violence","EMSProtocol.mission.violence","","","",0,1,"","","","BackboneElement {[]} {[]}
","Gewalt gegen Rettungskräfte","Gewalt gegen Rettungskräfte","","","","","","","","","",,,,,"",,,,"EMSProtocol.mission.violence",0,1,"","ele-1:All FHIR elements must have a @value or children {hasValue() or (children().count() > id.count())}
"
"EMSProtocol.mission.violence.id","EMSProtocol.mission.violence.id","","","",0,1,"","","","string {[]} {[]}
","Unique id for inter-element referencing","Unique id for the element within a resource (for internal references). This may be any string value that does not contain spaces.","","","","","","","","","",,,,,"",,,,"Element.id",0,1,"",""
"EMSProtocol.mission.violence.extension","EMSProtocol.mission.violence.extension","","extensions
user content","",0,*,"","","","Extension {[]} {[]}
","Additional content defined by implementations","May be used to represent additional information that is not part of the basic definition of the element. To make the use of extensions safe and manageable, there is a strict set of governance  applied to the definition and use of extensions. Though any implementer can define an extension, there is a set of requirements that SHALL be met as part of the definition of the extension.","There can be no stigma associated with the use of extensions by any application, project, or standard - regardless of the institution or jurisdiction that uses or defines the extensions.  The use of extensions is what allows the FHIR specification to retain a core level of simplicity for everyone.","","","","","","","","",,,,,"","value:url}
","Extensions are always sliced by (at least) url",,"open","Element.extension",0,*,"","ele-1:All FHIR elements must have a @value or children {hasValue() or (children().count() > id.count())}
ext-1:Must have either extensions or value[x], not both {extension.exists() != value.exists()}"
"EMSProtocol.mission.violence.modifierExtension","EMSProtocol.mission.violence.modifierExtension","","extensions
user contentmodifiers","",0,*,"","Y","Y","Extension {[]} {[]}
","Extensions that cannot be ignored even if unrecognized","May be used to represent additional information that is not part of the basic definition of the element and that modifies the understanding of the element in which it is contained and/or the understanding of the containing element's descendants. Usually modifier elements provide negation or qualification. To make the use of extensions safe and manageable, there is a strict set of governance applied to the definition and use of extensions. Though any implementer can define an extension, there is a set of requirements that SHALL be met as part of the definition of the extension. Applications processing a resource are required to check for modifier extensions.

Modifier extensions SHALL NOT change the meaning of any elements on Resource or DomainResource (including cannot change the meaning of modifierExtension itself).","There can be no stigma associated with the use of extensions by any application, project, or standard - regardless of the institution or jurisdiction that uses or defines the extensions.  The use of extensions is what allows the FHIR specification to retain a core level of simplicity for everyone.","Modifier extensions allow for extensions that *cannot* be safely ignored to be clearly distinguished from the vast majority of extensions which can be safely ignored.  This promotes interoperability by eliminating the need for implementers to prohibit the presence of extensions. For further information, see the [definition of modifier extensions](http://hl7.org/fhir/R4/extensibility.html#modifierExtension).","","","","","","","",,,,,"",,,,"BackboneElement.modifierExtension",0,*,"","ele-1:All FHIR elements must have a @value or children {hasValue() or (children().count() > id.count())}
ext-1:Must have either extensions or value[x], not both {extension.exists() != value.exists()}"
"EMSProtocol.mission.violence.offender","EMSProtocol.mission.violence.offender","","","",0,*,"","","","CodeableConcept {[]} {[]}
","Tatperson","Tatperson","","","","","","","","","",,"extensible","IVR VS (SCT & IVR)","http://fhir.ch/ig/ch-ems/ValueSet/IVR-VS-offender","",,,,"EMSProtocol.mission.violence.offender",0,*,"",""
"EMSProtocol.mission.violence.form","EMSProtocol.mission.violence.form","","","",0,*,"","","","CodeableConcept {[]} {[]}
","Form der Gewalt","Form der Gewalt","","","","","","","","","",,"extensible","IVR VS (SCT & IVR)","http://fhir.ch/ig/ch-ems/ValueSet/IVR-VS-violenceForm","",,,,"EMSProtocol.mission.violence.form",0,*,"",""
"EMSProtocol.mission.violence.result","EMSProtocol.mission.violence.result","","","",0,*,"","","","CodeableConcept {[]} {[]}
","Folgen der Gewalt","Folgen der Gewalt","","","","","","","","","",,"extensible","IVR VS (SCT & IVR)","http://fhir.ch/ig/ch-ems/ValueSet/IVR-VS-violenceResult","",,,,"EMSProtocol.mission.violence.result",0,*,"",""
"EMSProtocol.mission.precautionsInfection","EMSProtocol.mission.precautionsInfection","","","",0,*,"","","","CodeableConcept {[]} {[]}
","Vorsichtsmassnahme für das Personal bei infektiösen Einsätzen/Transporten","Vorsichtsmassnahme für das Personal bei infektiösen Einsätzen/Transporten","","","","","","","","","",,"extensible","IVR VS (SCT & IVR)","http://fhir.ch/ig/ch-ems/ValueSet/IVR-VS-InfectPersPrecaution","",,,,"EMSProtocol.mission.precautionsInfection",0,*,"",""
"EMSProtocol.mission.transportation","EMSProtocol.mission.transportation","","","",0,1,"","","","BackboneElement {[]} {[]}
","Transport","Transport","","","","","","","","","",,,,,"",,,,"EMSProtocol.mission.transportation",0,1,"","ele-1:All FHIR elements must have a @value or children {hasValue() or (children().count() > id.count())}
"
"EMSProtocol.mission.transportation.id","EMSProtocol.mission.transportation.id","","","",0,1,"","","","string {[]} {[]}
","Unique id for inter-element referencing","Unique id for the element within a resource (for internal references). This may be any string value that does not contain spaces.","","","","","","","","","",,,,,"",,,,"Element.id",0,1,"",""
"EMSProtocol.mission.transportation.extension","EMSProtocol.mission.transportation.extension","","extensions
user content","",0,*,"","","","Extension {[]} {[]}
","Additional content defined by implementations","May be used to represent additional information that is not part of the basic definition of the element. To make the use of extensions safe and manageable, there is a strict set of governance  applied to the definition and use of extensions. Though any implementer can define an extension, there is a set of requirements that SHALL be met as part of the definition of the extension.","There can be no stigma associated with the use of extensions by any application, project, or standard - regardless of the institution or jurisdiction that uses or defines the extensions.  The use of extensions is what allows the FHIR specification to retain a core level of simplicity for everyone.","","","","","","","","",,,,,"","value:url}
","Extensions are always sliced by (at least) url",,"open","Element.extension",0,*,"","ele-1:All FHIR elements must have a @value or children {hasValue() or (children().count() > id.count())}
ext-1:Must have either extensions or value[x], not both {extension.exists() != value.exists()}"
"EMSProtocol.mission.transportation.modifierExtension","EMSProtocol.mission.transportation.modifierExtension","","extensions
user contentmodifiers","",0,*,"","Y","Y","Extension {[]} {[]}
","Extensions that cannot be ignored even if unrecognized","May be used to represent additional information that is not part of the basic definition of the element and that modifies the understanding of the element in which it is contained and/or the understanding of the containing element's descendants. Usually modifier elements provide negation or qualification. To make the use of extensions safe and manageable, there is a strict set of governance applied to the definition and use of extensions. Though any implementer can define an extension, there is a set of requirements that SHALL be met as part of the definition of the extension. Applications processing a resource are required to check for modifier extensions.

Modifier extensions SHALL NOT change the meaning of any elements on Resource or DomainResource (including cannot change the meaning of modifierExtension itself).","There can be no stigma associated with the use of extensions by any application, project, or standard - regardless of the institution or jurisdiction that uses or defines the extensions.  The use of extensions is what allows the FHIR specification to retain a core level of simplicity for everyone.","Modifier extensions allow for extensions that *cannot* be safely ignored to be clearly distinguished from the vast majority of extensions which can be safely ignored.  This promotes interoperability by eliminating the need for implementers to prohibit the presence of extensions. For further information, see the [definition of modifier extensions](http://hl7.org/fhir/R4/extensibility.html#modifierExtension).","","","","","","","",,,,,"",,,,"BackboneElement.modifierExtension",0,*,"","ele-1:All FHIR elements must have a @value or children {hasValue() or (children().count() > id.count())}
ext-1:Must have either extensions or value[x], not both {extension.exists() != value.exists()}"
"EMSProtocol.mission.transportation.bedding","EMSProtocol.mission.transportation.bedding","","","",0,1,"","","","CodeableConcept {[]} {[]}
","Lagerung","Lagerung","","","","","","","","","",,"extensible","IVR VS (SCT & IVR)","http://fhir.ch/ig/ch-ems/ValueSet/IVR-VS-bedding","",,,,"EMSProtocol.mission.transportation.bedding",0,1,"",""
"EMSProtocol.mission.transportation.recoveryAid","EMSProtocol.mission.transportation.recoveryAid","","","",0,*,"","","","CodeableConcept {[]} {[]}
","Bergungshilfsmittel","Bergungshilfsmittel","","","","","","","","","",,"extensible","IVR VS (SCT & IVR)","http://fhir.ch/ig/ch-ems/ValueSet/IVR-VS-actRecovAid","",,,,"EMSProtocol.mission.transportation.recoveryAid",0,*,"",""
"EMSProtocol.mission.ambulance","EMSProtocol.mission.ambulance","","","",0,*,"","","","BackboneElement {[]} {[]}
","Ambulanz","Ambulanz","","","","","","","","","",,,,,"",,,,"EMSProtocol.mission.ambulance",0,*,"","ele-1:All FHIR elements must have a @value or children {hasValue() or (children().count() > id.count())}
"
"EMSProtocol.mission.ambulance.id","EMSProtocol.mission.ambulance.id","","","",0,1,"","","","string {[]} {[]}
","Unique id for inter-element referencing","Unique id for the element within a resource (for internal references). This may be any string value that does not contain spaces.","","","","","","","","","",,,,,"",,,,"Element.id",0,1,"",""
"EMSProtocol.mission.ambulance.extension","EMSProtocol.mission.ambulance.extension","","extensions
user content","",0,*,"","","","Extension {[]} {[]}
","Additional content defined by implementations","May be used to represent additional information that is not part of the basic definition of the element. To make the use of extensions safe and manageable, there is a strict set of governance  applied to the definition and use of extensions. Though any implementer can define an extension, there is a set of requirements that SHALL be met as part of the definition of the extension.","There can be no stigma associated with the use of extensions by any application, project, or standard - regardless of the institution or jurisdiction that uses or defines the extensions.  The use of extensions is what allows the FHIR specification to retain a core level of simplicity for everyone.","","","","","","","","",,,,,"","value:url}
","Extensions are always sliced by (at least) url",,"open","Element.extension",0,*,"","ele-1:All FHIR elements must have a @value or children {hasValue() or (children().count() > id.count())}
ext-1:Must have either extensions or value[x], not both {extension.exists() != value.exists()}"
"EMSProtocol.mission.ambulance.modifierExtension","EMSProtocol.mission.ambulance.modifierExtension","","extensions
user contentmodifiers","",0,*,"","Y","Y","Extension {[]} {[]}
","Extensions that cannot be ignored even if unrecognized","May be used to represent additional information that is not part of the basic definition of the element and that modifies the understanding of the element in which it is contained and/or the understanding of the containing element's descendants. Usually modifier elements provide negation or qualification. To make the use of extensions safe and manageable, there is a strict set of governance applied to the definition and use of extensions. Though any implementer can define an extension, there is a set of requirements that SHALL be met as part of the definition of the extension. Applications processing a resource are required to check for modifier extensions.

Modifier extensions SHALL NOT change the meaning of any elements on Resource or DomainResource (including cannot change the meaning of modifierExtension itself).","There can be no stigma associated with the use of extensions by any application, project, or standard - regardless of the institution or jurisdiction that uses or defines the extensions.  The use of extensions is what allows the FHIR specification to retain a core level of simplicity for everyone.","Modifier extensions allow for extensions that *cannot* be safely ignored to be clearly distinguished from the vast majority of extensions which can be safely ignored.  This promotes interoperability by eliminating the need for implementers to prohibit the presence of extensions. For further information, see the [definition of modifier extensions](http://hl7.org/fhir/R4/extensibility.html#modifierExtension).","","","","","","","",,,,,"",,,,"BackboneElement.modifierExtension",0,*,"","ele-1:All FHIR elements must have a @value or children {hasValue() or (children().count() > id.count())}
ext-1:Must have either extensions or value[x], not both {extension.exists() != value.exists()}"
"EMSProtocol.mission.ambulance.type","EMSProtocol.mission.ambulance.type","","","",0,1,"","","","CodeableConcept {[]} {[]}
","Typ","Typ","","","","","","","","","",,"extensible","IVR VS (SCT)","http://fhir.ch/ig/ch-ems/ValueSet/IVR-VS-ambulanceType","",,,,"EMSProtocol.mission.ambulance.type",0,1,"",""
"EMSProtocol.mission.ambulance.disinfection","EMSProtocol.mission.ambulance.disinfection","","","",0,1,"","","","CodeableConcept {[]} {[]}
","Desinfektion","Desinfektion","","","","","","","","","",,"extensible","IVR VS (SCT & IVR)","http://fhir.ch/ig/ch-ems/ValueSet/IVR-VS-transDisinfection","",,,,"EMSProtocol.mission.ambulance.disinfection",0,1,"",""
"EMSProtocol.mission.device","EMSProtocol.mission.device","","","",0,*,"","","","BackboneElement {[]} {[]}
","Hilfsmittel","Hilfsmittel","","","","","","","","","",,,,,"",,,,"EMSProtocol.mission.device",0,*,"","ele-1:All FHIR elements must have a @value or children {hasValue() or (children().count() > id.count())}
"
"EMSProtocol.mission.device.id","EMSProtocol.mission.device.id","","","",0,1,"","","","string {[]} {[]}
","Unique id for inter-element referencing","Unique id for the element within a resource (for internal references). This may be any string value that does not contain spaces.","","","","","","","","","",,,,,"",,,,"Element.id",0,1,"",""
"EMSProtocol.mission.device.extension","EMSProtocol.mission.device.extension","","extensions
user content","",0,*,"","","","Extension {[]} {[]}
","Additional content defined by implementations","May be used to represent additional information that is not part of the basic definition of the element. To make the use of extensions safe and manageable, there is a strict set of governance  applied to the definition and use of extensions. Though any implementer can define an extension, there is a set of requirements that SHALL be met as part of the definition of the extension.","There can be no stigma associated with the use of extensions by any application, project, or standard - regardless of the institution or jurisdiction that uses or defines the extensions.  The use of extensions is what allows the FHIR specification to retain a core level of simplicity for everyone.","","","","","","","","",,,,,"","value:url}
","Extensions are always sliced by (at least) url",,"open","Element.extension",0,*,"","ele-1:All FHIR elements must have a @value or children {hasValue() or (children().count() > id.count())}
ext-1:Must have either extensions or value[x], not both {extension.exists() != value.exists()}"
"EMSProtocol.mission.device.modifierExtension","EMSProtocol.mission.device.modifierExtension","","extensions
user contentmodifiers","",0,*,"","Y","Y","Extension {[]} {[]}
","Extensions that cannot be ignored even if unrecognized","May be used to represent additional information that is not part of the basic definition of the element and that modifies the understanding of the element in which it is contained and/or the understanding of the containing element's descendants. Usually modifier elements provide negation or qualification. To make the use of extensions safe and manageable, there is a strict set of governance applied to the definition and use of extensions. Though any implementer can define an extension, there is a set of requirements that SHALL be met as part of the definition of the extension. Applications processing a resource are required to check for modifier extensions.

Modifier extensions SHALL NOT change the meaning of any elements on Resource or DomainResource (including cannot change the meaning of modifierExtension itself).","There can be no stigma associated with the use of extensions by any application, project, or standard - regardless of the institution or jurisdiction that uses or defines the extensions.  The use of extensions is what allows the FHIR specification to retain a core level of simplicity for everyone.","Modifier extensions allow for extensions that *cannot* be safely ignored to be clearly distinguished from the vast majority of extensions which can be safely ignored.  This promotes interoperability by eliminating the need for implementers to prohibit the presence of extensions. For further information, see the [definition of modifier extensions](http://hl7.org/fhir/R4/extensibility.html#modifierExtension).","","","","","","","",,,,,"",,,,"BackboneElement.modifierExtension",0,*,"","ele-1:All FHIR elements must have a @value or children {hasValue() or (children().count() > id.count())}
ext-1:Must have either extensions or value[x], not both {extension.exists() != value.exists()}"
"EMSProtocol.mission.device.name","EMSProtocol.mission.device.name","","","",1,1,"","","","string {[]} {[]}
","Benennung","Benennung","","","","","","","","","",,,,,"",,,,"EMSProtocol.mission.device.name",1,1,"",""
"EMSProtocol.mission.device.owner","EMSProtocol.mission.device.owner","","","",0,1,"","","","CodeableConcept {[]} {[]}
","Eigentümer/Eigentümerin","Eigentümer/Eigentümerin","","","","","","","","","",,"extensible","IVR VS (SCT & IVR)","http://fhir.ch/ig/ch-ems/ValueSet/IVR-VS-actRespiOwner","",,,,"EMSProtocol.mission.device.owner",0,1,"",""
"EMSProtocol.patient","EMSProtocol.patient","","","",1,1,"","","","BackboneElement {[]} {[]}
","Patient","Patient","","","","","","","","","",,,,,"",,,,"EMSProtocol.patient",1,1,"","ele-1:All FHIR elements must have a @value or children {hasValue() or (children().count() > id.count())}
"
"EMSProtocol.patient.id","EMSProtocol.patient.id","","","",0,1,"","","","string {[]} {[]}
","Unique id for inter-element referencing","Unique id for the element within a resource (for internal references). This may be any string value that does not contain spaces.","","","","","","","","","",,,,,"",,,,"Element.id",0,1,"",""
"EMSProtocol.patient.extension","EMSProtocol.patient.extension","","extensions
user content","",0,*,"","","","Extension {[]} {[]}
","Additional content defined by implementations","May be used to represent additional information that is not part of the basic definition of the element. To make the use of extensions safe and manageable, there is a strict set of governance  applied to the definition and use of extensions. Though any implementer can define an extension, there is a set of requirements that SHALL be met as part of the definition of the extension.","There can be no stigma associated with the use of extensions by any application, project, or standard - regardless of the institution or jurisdiction that uses or defines the extensions.  The use of extensions is what allows the FHIR specification to retain a core level of simplicity for everyone.","","","","","","","","",,,,,"","value:url}
","Extensions are always sliced by (at least) url",,"open","Element.extension",0,*,"","ele-1:All FHIR elements must have a @value or children {hasValue() or (children().count() > id.count())}
ext-1:Must have either extensions or value[x], not both {extension.exists() != value.exists()}"
"EMSProtocol.patient.modifierExtension","EMSProtocol.patient.modifierExtension","","extensions
user contentmodifiers","",0,*,"","Y","Y","Extension {[]} {[]}
","Extensions that cannot be ignored even if unrecognized","May be used to represent additional information that is not part of the basic definition of the element and that modifies the understanding of the element in which it is contained and/or the understanding of the containing element's descendants. Usually modifier elements provide negation or qualification. To make the use of extensions safe and manageable, there is a strict set of governance applied to the definition and use of extensions. Though any implementer can define an extension, there is a set of requirements that SHALL be met as part of the definition of the extension. Applications processing a resource are required to check for modifier extensions.

Modifier extensions SHALL NOT change the meaning of any elements on Resource or DomainResource (including cannot change the meaning of modifierExtension itself).","There can be no stigma associated with the use of extensions by any application, project, or standard - regardless of the institution or jurisdiction that uses or defines the extensions.  The use of extensions is what allows the FHIR specification to retain a core level of simplicity for everyone.","Modifier extensions allow for extensions that *cannot* be safely ignored to be clearly distinguished from the vast majority of extensions which can be safely ignored.  This promotes interoperability by eliminating the need for implementers to prohibit the presence of extensions. For further information, see the [definition of modifier extensions](http://hl7.org/fhir/R4/extensibility.html#modifierExtension).","","","","","","","",,,,,"",,,,"BackboneElement.modifierExtension",0,*,"","ele-1:All FHIR elements must have a @value or children {hasValue() or (children().count() > id.count())}
ext-1:Must have either extensions or value[x], not both {extension.exists() != value.exists()}"
"EMSProtocol.patient.name","EMSProtocol.patient.name","","","",0,1,"","","","HumanName {[]} {[]}
","Name","Name","","","","","","","","","",,,,,"",,,,"EMSProtocol.patient.name",0,1,"","ele-1:All FHIR elements must have a @value or children {hasValue() or (children().count() > id.count())}
"
"EMSProtocol.patient.name.id","EMSProtocol.patient.name.id","","","",0,1,"","","","string {[]} {[]}
","Unique id for inter-element referencing","Unique id for the element within a resource (for internal references). This may be any string value that does not contain spaces.","","","","","","","","","",,,,,"",,,,"Element.id",0,1,"",""
"EMSProtocol.patient.name.extension","EMSProtocol.patient.name.extension","","extensions
user content","",0,*,"","","","Extension {[]} {[]}
","Additional content defined by implementations","May be used to represent additional information that is not part of the basic definition of the element. To make the use of extensions safe and manageable, there is a strict set of governance  applied to the definition and use of extensions. Though any implementer can define an extension, there is a set of requirements that SHALL be met as part of the definition of the extension.","There can be no stigma associated with the use of extensions by any application, project, or standard - regardless of the institution or jurisdiction that uses or defines the extensions.  The use of extensions is what allows the FHIR specification to retain a core level of simplicity for everyone.","","","","","","","","",,,,,"","value:url}
","Extensions are always sliced by (at least) url",,"open","Element.extension",0,*,"","ele-1:All FHIR elements must have a @value or children {hasValue() or (children().count() > id.count())}
ext-1:Must have either extensions or value[x], not both {extension.exists() != value.exists()}"
"EMSProtocol.patient.name.use","EMSProtocol.patient.name.use","","","",0,1,"","Y","Y","code {[]} {[]}
","usual | official | temp | nickname | anonymous | old | maiden","Identifies the purpose for this name.","Applications can assume that a name is current unless it explicitly says that it is temporary or old.","Allows the appropriate name for a particular context of use to be selected from among a set of names.","","","","","","","",,"required","The use of a human name.","http://hl7.org/fhir/ValueSet/name-use|4.0.1","",,,,"HumanName.use",0,1,"","ele-1:All FHIR elements must have a @value or children {hasValue() or (children().count() > id.count())}
"
"EMSProtocol.patient.name.text","EMSProtocol.patient.name.text","","","",0,1,"","","Y","string {[]} {[]}
","Text representation of the full name","Specifies the entire name as it should be displayed e.g. on an application UI. This may be provided instead of or as well as the specific parts.","Can provide both a text representation and parts. Applications updating a name SHALL ensure that when both text and parts are present,  no content is included in the text that isn't found in a part.","A renderable, unencoded form.","","","","","","","",,,,,"",,,,"HumanName.text",0,1,"","ele-1:All FHIR elements must have a @value or children {hasValue() or (children().count() > id.count())}
"
"EMSProtocol.patient.name.family","EMSProtocol.patient.name.family","","surname
","",0,1,"","","Y","string {[]} {[]}
","Family name (often called 'Surname')","The part of a name that links to the genealogy. In some cultures (e.g. Eritrea) the family name of a son is the first name of his father.","Family Name may be decomposed into specific parts using extensions (de, nl, es related cultures).","","","","","","","","",,,,,"",,,,"HumanName.family",0,1,"","ele-1:All FHIR elements must have a @value or children {hasValue() or (children().count() > id.count())}
"
"EMSProtocol.patient.name.given","EMSProtocol.patient.name.given","","first name
middle name","",0,*,"","","Y","string {[]} {[]}
","Given names (not always 'first'). Includes middle names","Given name.","If only initials are recorded, they may be used in place of the full name parts. Initials may be separated into multiple given names but often aren't due to paractical limitations.  This element is not called ""first name"" since given names do not always come first.","","","","","","","","",,,,,"",,,,"HumanName.given",0,*,"","ele-1:All FHIR elements must have a @value or children {hasValue() or (children().count() > id.count())}
"
"EMSProtocol.patient.name.prefix","EMSProtocol.patient.name.prefix","","","",0,*,"","","Y","string {[]} {[]}
","Parts that come before the name","Part of the name that is acquired as a title due to academic, legal, employment or nobility status, etc. and that appears at the start of the name.","","","","","","","","","",,,,,"",,,,"HumanName.prefix",0,*,"","ele-1:All FHIR elements must have a @value or children {hasValue() or (children().count() > id.count())}
"
"EMSProtocol.patient.name.suffix","EMSProtocol.patient.name.suffix","","","",0,*,"","","Y","string {[]} {[]}
","Parts that come after the name","Part of the name that is acquired as a title due to academic, legal, employment or nobility status, etc. and that appears at the end of the name.","","","","","","","","","",,,,,"",,,,"HumanName.suffix",0,*,"","ele-1:All FHIR elements must have a @value or children {hasValue() or (children().count() > id.count())}
"
"EMSProtocol.patient.name.period","EMSProtocol.patient.name.period","","","",0,1,"","","Y","Period {[]} {[]}
","Time period when name was/is in use","Indicates the period of time when this name was valid for the named person.","","Allows names to be placed in historical context.","","","","","","","",,,,,"",,,,"HumanName.period",0,1,"","ele-1:All FHIR elements must have a @value or children {hasValue() or (children().count() > id.count())}
"
"EMSProtocol.patient.name.firstName","EMSProtocol.patient.name.firstName","","","",0,1,"","","","string {[]} {[]}
","Vorname","Vorname","","","","","","","","","",,,,,"",,,,"EMSProtocol.patient.name.firstName",0,1,"",""
"EMSProtocol.patient.name.lastName","EMSProtocol.patient.name.lastName","","","",0,1,"","","","string {[]} {[]}
","Nachname","Nachname","","","","","","","","","",,,,,"",,,,"EMSProtocol.patient.name.lastName",0,1,"",""
"EMSProtocol.patient.placeOfOrigin","EMSProtocol.patient.placeOfOrigin","","","",0,1,"","","","string {[]} {[]}
","Bürgerort","Bürgerort","","","","","","","","","",,,,,"",,,,"EMSProtocol.patient.placeOfOrigin",0,1,"",""
"EMSProtocol.patient.citizenship","EMSProtocol.patient.citizenship","","","",0,1,"","","","string {[]} {[]}
","Nationalität","Nationalität","","","","","","","","","",,,,,"",,,,"EMSProtocol.patient.citizenship",0,1,"",""
"EMSProtocol.patient.birthDate","EMSProtocol.patient.birthDate","","","",0,1,"","","","date {[]} {[]}
","Geburtsdatum","Geburtsdatum","","","","","","","","","",,,,,"",,,,"EMSProtocol.patient.birthDate",0,1,"",""
"EMSProtocol.patient.gender","EMSProtocol.patient.gender","","","",0,1,"","","","code {[]} {[]}
","Administratives Geschlecht","Administratives Geschlecht","","","","","","","","","",,"required","HL7 VS with obligatory values","http://hl7.org/fhir/ValueSet/administrative-gender","",,,,"EMSProtocol.patient.gender",0,1,"",""
"EMSProtocol.patient.insurance","EMSProtocol.patient.insurance","","","",0,1,"","","","string {[]} {[]}
","Krankenkasse","Krankenkasse","","","","","","","","","",,,,,"",,,,"EMSProtocol.patient.insurance",0,1,"",""
"EMSProtocol.patient.insuranceCardNumber","EMSProtocol.patient.insuranceCardNumber","","","",0,1,"","","","Identifier {[]} {[]}
","VeKa-Nummer (Versichertenkartennummer)","VeKa-Nummer (Versichertenkartennummer)","","","","","","","","","",,,,,"",,,,"EMSProtocol.patient.insuranceCardNumber",0,1,"",""
"EMSProtocol.patient.oasiNumber","EMSProtocol.patient.oasiNumber","","","",0,1,"","","","Identifier {[]} {[]}
","AHV-Nummer","AHV-Nummer","","","","","","","","","",,,,,"",,,,"EMSProtocol.patient.oasiNumber",0,1,"",""
"EMSProtocol.patient.plsId","EMSProtocol.patient.plsId","","","",0,1,"","","","Identifier {[]} {[]}
","PLS-ID (Patientenleitsystem)","PLS-ID (Patientenleitsystem)","","","","","","","","","",,,,,"",,,,"EMSProtocol.patient.plsId",0,1,"",""
"EMSProtocol.patient.identification","EMSProtocol.patient.identification","","","",0,1,"","","","BackboneElement {[]} {[]}
","Identifikation des Patienten","Identifikation des Patienten","","","","","","","","","",,,,,"",,,,"EMSProtocol.patient.identification",0,1,"","ele-1:All FHIR elements must have a @value or children {hasValue() or (children().count() > id.count())}
"
"EMSProtocol.patient.identification.id","EMSProtocol.patient.identification.id","","","",0,1,"","","","string {[]} {[]}
","Unique id for inter-element referencing","Unique id for the element within a resource (for internal references). This may be any string value that does not contain spaces.","","","","","","","","","",,,,,"",,,,"Element.id",0,1,"",""
"EMSProtocol.patient.identification.extension","EMSProtocol.patient.identification.extension","","extensions
user content","",0,*,"","","","Extension {[]} {[]}
","Additional content defined by implementations","May be used to represent additional information that is not part of the basic definition of the element. To make the use of extensions safe and manageable, there is a strict set of governance  applied to the definition and use of extensions. Though any implementer can define an extension, there is a set of requirements that SHALL be met as part of the definition of the extension.","There can be no stigma associated with the use of extensions by any application, project, or standard - regardless of the institution or jurisdiction that uses or defines the extensions.  The use of extensions is what allows the FHIR specification to retain a core level of simplicity for everyone.","","","","","","","","",,,,,"","value:url}
","Extensions are always sliced by (at least) url",,"open","Element.extension",0,*,"","ele-1:All FHIR elements must have a @value or children {hasValue() or (children().count() > id.count())}
ext-1:Must have either extensions or value[x], not both {extension.exists() != value.exists()}"
"EMSProtocol.patient.identification.modifierExtension","EMSProtocol.patient.identification.modifierExtension","","extensions
user contentmodifiers","",0,*,"","Y","Y","Extension {[]} {[]}
","Extensions that cannot be ignored even if unrecognized","May be used to represent additional information that is not part of the basic definition of the element and that modifies the understanding of the element in which it is contained and/or the understanding of the containing element's descendants. Usually modifier elements provide negation or qualification. To make the use of extensions safe and manageable, there is a strict set of governance applied to the definition and use of extensions. Though any implementer can define an extension, there is a set of requirements that SHALL be met as part of the definition of the extension. Applications processing a resource are required to check for modifier extensions.

Modifier extensions SHALL NOT change the meaning of any elements on Resource or DomainResource (including cannot change the meaning of modifierExtension itself).","There can be no stigma associated with the use of extensions by any application, project, or standard - regardless of the institution or jurisdiction that uses or defines the extensions.  The use of extensions is what allows the FHIR specification to retain a core level of simplicity for everyone.","Modifier extensions allow for extensions that *cannot* be safely ignored to be clearly distinguished from the vast majority of extensions which can be safely ignored.  This promotes interoperability by eliminating the need for implementers to prohibit the presence of extensions. For further information, see the [definition of modifier extensions](http://hl7.org/fhir/R4/extensibility.html#modifierExtension).","","","","","","","",,,,,"",,,,"BackboneElement.modifierExtension",0,*,"","ele-1:All FHIR elements must have a @value or children {hasValue() or (children().count() > id.count())}
ext-1:Must have either extensions or value[x], not both {extension.exists() != value.exists()}"
"EMSProtocol.patient.identification.medium","EMSProtocol.patient.identification.medium","","","",0,1,"","","","CodeableConcept {[]} {[]}
","Identifikationsmedium","Identifikationsmedium","","","","","","","","","",,"extensible","IVR VS (IVR)","http://fhir.ch/ig/ch-ems/ValueSet/IVR-VS-idMedium","",,,,"EMSProtocol.patient.identification.medium",0,1,"",""
"EMSProtocol.patient.identification.source","EMSProtocol.patient.identification.source","","","",0,1,"","","","CodeableConcept {[]} {[]}
","Identifikationsquelle","Identifikationsquelle","","","","","","","","","",,"extensible","IVR VS (SCT & IVR)","http://fhir.ch/ig/ch-ems/ValueSet/IVR-VS-idSource","",,,,"EMSProtocol.patient.identification.source",0,1,"",""
"EMSProtocol.patient.address","EMSProtocol.patient.address","","","",0,1,"","","","Address {[]} {[]}
","Adresse","Adresse","","","","","","","","","",,,,,"",,,,"EMSProtocol.patient.address",0,1,"","ele-1:All FHIR elements must have a @value or children {hasValue() or (children().count() > id.count())}
"
"EMSProtocol.patient.address.id","EMSProtocol.patient.address.id","","","",0,1,"","","","string {[]} {[]}
","Unique id for inter-element referencing","Unique id for the element within a resource (for internal references). This may be any string value that does not contain spaces.","","","","","","","","","",,,,,"",,,,"Element.id",0,1,"",""
"EMSProtocol.patient.address.extension","EMSProtocol.patient.address.extension","","extensions
user content","",0,*,"","","","Extension {[]} {[]}
","Additional content defined by implementations","May be used to represent additional information that is not part of the basic definition of the element. To make the use of extensions safe and manageable, there is a strict set of governance  applied to the definition and use of extensions. Though any implementer can define an extension, there is a set of requirements that SHALL be met as part of the definition of the extension.","There can be no stigma associated with the use of extensions by any application, project, or standard - regardless of the institution or jurisdiction that uses or defines the extensions.  The use of extensions is what allows the FHIR specification to retain a core level of simplicity for everyone.","","","","","","","","",,,,,"","value:url}
","Extensions are always sliced by (at least) url",,"open","Element.extension",0,*,"","ele-1:All FHIR elements must have a @value or children {hasValue() or (children().count() > id.count())}
ext-1:Must have either extensions or value[x], not both {extension.exists() != value.exists()}"
"EMSProtocol.patient.address.use","EMSProtocol.patient.address.use","","","",0,1,"","Y","Y","code {[]} {[]}
","home | work | temp | old | billing - purpose of this address","The purpose of this address.","Applications can assume that an address is current unless it explicitly says that it is temporary or old.","Allows an appropriate address to be chosen from a list of many.","","","","","<valueCode xmlns=""http://hl7.org/fhir"" value=""home""/>","","",,"required","The use of an address.","http://hl7.org/fhir/ValueSet/address-use|4.0.1","",,,,"Address.use",0,1,"","ele-1:All FHIR elements must have a @value or children {hasValue() or (children().count() > id.count())}
"
"EMSProtocol.patient.address.type","EMSProtocol.patient.address.type","","","",0,1,"","","Y","code {[]} {[]}
","postal | physical | both","Distinguishes between physical addresses (those you can visit) and mailing addresses (e.g. PO Boxes and care-of addresses). Most addresses are both.","The definition of Address states that ""address is intended to describe postal addresses, not physical locations"". However, many applications track whether an address has a dual purpose of being a location that can be visited as well as being a valid delivery destination, and Postal addresses are often used as proxies for physical locations (also see the [Location](http://hl7.org/fhir/R4/location.html#) resource).","","","","","","<valueCode xmlns=""http://hl7.org/fhir"" value=""both""/>","","",,"required","The type of an address (physical / postal).","http://hl7.org/fhir/ValueSet/address-type|4.0.1","",,,,"Address.type",0,1,"","ele-1:All FHIR elements must have a @value or children {hasValue() or (children().count() > id.count())}
"
"EMSProtocol.patient.address.text","EMSProtocol.patient.address.text","","","",0,1,"","","Y","string {[]} {[]}
","Text representation of the address","Specifies the entire address as it should be displayed e.g. on a postal label. This may be provided instead of or as well as the specific parts.","Can provide both a text representation and parts. Applications updating an address SHALL ensure that  when both text and parts are present,  no content is included in the text that isn't found in a part.","A renderable, unencoded form.","","","","","<valueString xmlns=""http://hl7.org/fhir"" value=""137 Nowhere Street, Erewhon 9132""/>","","",,,,,"",,,,"Address.text",0,1,"","ele-1:All FHIR elements must have a @value or children {hasValue() or (children().count() > id.count())}
"
"EMSProtocol.patient.address.line","EMSProtocol.patient.address.line","","","",0,*,"","","Y","string {[]} {[]}
","Street name, number, direction & P.O. Box etc.","This component contains the house number, apartment number, street name, street direction,  P.O. Box number, delivery hints, and similar address information.","","","","","","","<valueString xmlns=""http://hl7.org/fhir"" value=""137 Nowhere Street""/>","","",,,,,"",,,,"Address.line",0,*,"","ele-1:All FHIR elements must have a @value or children {hasValue() or (children().count() > id.count())}
"
"EMSProtocol.patient.address.city","EMSProtocol.patient.address.city","","Municpality
","",0,1,"","","Y","string {[]} {[]}
","Ort","Ort","","","","","","","<valueString xmlns=""http://hl7.org/fhir"" value=""Erewhon""/>","","",,,,,"",,,,"Address.city",0,1,"","ele-1:All FHIR elements must have a @value or children {hasValue() or (children().count() > id.count())}
"
"EMSProtocol.patient.address.district","EMSProtocol.patient.address.district","","County
","",0,1,"","","Y","string {[]} {[]}
","District name (aka county)","The name of the administrative area (county).","District is sometimes known as county, but in some regions 'county' is used in place of city (municipality), so county name should be conveyed in city instead.","","","","","","<valueString xmlns=""http://hl7.org/fhir"" value=""Madison""/>","","",,,,,"",,,,"Address.district",0,1,"","ele-1:All FHIR elements must have a @value or children {hasValue() or (children().count() > id.count())}
"
"EMSProtocol.patient.address.state","EMSProtocol.patient.address.state","","Province
Territory","",0,1,"","","Y","string {[]} {[]}
","Sub-unit of country (abbreviations ok)","Sub-unit of a country with limited sovereignty in a federally organized country. A code may be used if codes are in common use (e.g. US 2 letter state codes).","","","","","","","","","",,,,,"",,,,"Address.state",0,1,"","ele-1:All FHIR elements must have a @value or children {hasValue() or (children().count() > id.count())}
"
"EMSProtocol.patient.address.postalCode","EMSProtocol.patient.address.postalCode","","Zip
","",0,1,"","","Y","string {[]} {[]}
","Postal code for area","A postal code designating a region defined by the postal service.","","","","","","","<valueString xmlns=""http://hl7.org/fhir"" value=""9132""/>","","",,,,,"",,,,"Address.postalCode",0,1,"","ele-1:All FHIR elements must have a @value or children {hasValue() or (children().count() > id.count())}
"
"EMSProtocol.patient.address.country","EMSProtocol.patient.address.country","","","",0,1,"","","Y","string {[]} {[]}
","Country (e.g. can be ISO 3166 2 or 3 letter code)","Country - a nation as commonly understood or generally accepted.","ISO 3166 3 letter codes can be used in place of a human readable country name.","","","","","","","","",,,,,"",,,,"Address.country",0,1,"","ele-1:All FHIR elements must have a @value or children {hasValue() or (children().count() > id.count())}
"
"EMSProtocol.patient.address.period","EMSProtocol.patient.address.period","","","",0,1,"","","Y","Period {[]} {[]}
","Time period when address was/is in use","Time period when address was/is in use.","","Allows addresses to be placed in historical context.","","","","","<valuePeriod xmlns=""http://hl7.org/fhir"">
  <start value=""2010-03-23""/>
  <end value=""2010-07-01""/>
</valuePeriod>","","",,,,,"",,,,"Address.period",0,1,"","ele-1:All FHIR elements must have a @value or children {hasValue() or (children().count() > id.count())}
"
"EMSProtocol.patient.address.street","EMSProtocol.patient.address.street","","","",0,1,"","","","string {[]} {[]}
","Strasse","Strasse","","","","","","","","","",,,,,"",,,,"EMSProtocol.patient.address.street",0,1,"",""
"EMSProtocol.patient.address.zipCode","EMSProtocol.patient.address.zipCode","","","",0,1,"","","","string {[]} {[]}
","PLZ","PLZ","","","","","","","","","",,,,,"",,,,"EMSProtocol.patient.address.zipCode",0,1,"",""
"EMSProtocol.administrative","EMSProtocol.administrative","","","",0,1,"","","","BackboneElement {[]} {[]}
","Administrativ","Administrativ","","","","","","","","","",,,,,"",,,,"EMSProtocol.administrative",0,1,"","ele-1:All FHIR elements must have a @value or children {hasValue() or (children().count() > id.count())}
"
"EMSProtocol.administrative.id","EMSProtocol.administrative.id","","","",0,1,"","","","string {[]} {[]}
","Unique id for inter-element referencing","Unique id for the element within a resource (for internal references). This may be any string value that does not contain spaces.","","","","","","","","","",,,,,"",,,,"Element.id",0,1,"",""
"EMSProtocol.administrative.extension","EMSProtocol.administrative.extension","","extensions
user content","",0,*,"","","","Extension {[]} {[]}
","Additional content defined by implementations","May be used to represent additional information that is not part of the basic definition of the element. To make the use of extensions safe and manageable, there is a strict set of governance  applied to the definition and use of extensions. Though any implementer can define an extension, there is a set of requirements that SHALL be met as part of the definition of the extension.","There can be no stigma associated with the use of extensions by any application, project, or standard - regardless of the institution or jurisdiction that uses or defines the extensions.  The use of extensions is what allows the FHIR specification to retain a core level of simplicity for everyone.","","","","","","","","",,,,,"","value:url}
","Extensions are always sliced by (at least) url",,"open","Element.extension",0,*,"","ele-1:All FHIR elements must have a @value or children {hasValue() or (children().count() > id.count())}
ext-1:Must have either extensions or value[x], not both {extension.exists() != value.exists()}"
"EMSProtocol.administrative.modifierExtension","EMSProtocol.administrative.modifierExtension","","extensions
user contentmodifiers","",0,*,"","Y","Y","Extension {[]} {[]}
","Extensions that cannot be ignored even if unrecognized","May be used to represent additional information that is not part of the basic definition of the element and that modifies the understanding of the element in which it is contained and/or the understanding of the containing element's descendants. Usually modifier elements provide negation or qualification. To make the use of extensions safe and manageable, there is a strict set of governance applied to the definition and use of extensions. Though any implementer can define an extension, there is a set of requirements that SHALL be met as part of the definition of the extension. Applications processing a resource are required to check for modifier extensions.

Modifier extensions SHALL NOT change the meaning of any elements on Resource or DomainResource (including cannot change the meaning of modifierExtension itself).","There can be no stigma associated with the use of extensions by any application, project, or standard - regardless of the institution or jurisdiction that uses or defines the extensions.  The use of extensions is what allows the FHIR specification to retain a core level of simplicity for everyone.","Modifier extensions allow for extensions that *cannot* be safely ignored to be clearly distinguished from the vast majority of extensions which can be safely ignored.  This promotes interoperability by eliminating the need for implementers to prohibit the presence of extensions. For further information, see the [definition of modifier extensions](http://hl7.org/fhir/R4/extensibility.html#modifierExtension).","","","","","","","",,,,,"",,,,"BackboneElement.modifierExtension",0,*,"","ele-1:All FHIR elements must have a @value or children {hasValue() or (children().count() > id.count())}
ext-1:Must have either extensions or value[x], not both {extension.exists() != value.exists()}"
"EMSProtocol.administrative.involvedParticipant","EMSProtocol.administrative.involvedParticipant","","","",0,*,"","","","BackboneElement {[]} {[]}
","Beteiligte Person","Beteiligte Person","","","","","","","","","",,,,,"",,,,"EMSProtocol.administrative.involvedParticipant",0,*,"","ele-1:All FHIR elements must have a @value or children {hasValue() or (children().count() > id.count())}
"
"EMSProtocol.administrative.involvedParticipant.id","EMSProtocol.administrative.involvedParticipant.id","","","",0,1,"","","","string {[]} {[]}
","Unique id for inter-element referencing","Unique id for the element within a resource (for internal references). This may be any string value that does not contain spaces.","","","","","","","","","",,,,,"",,,,"Element.id",0,1,"",""
"EMSProtocol.administrative.involvedParticipant.extension","EMSProtocol.administrative.involvedParticipant.extension","","extensions
user content","",0,*,"","","","Extension {[]} {[]}
","Additional content defined by implementations","May be used to represent additional information that is not part of the basic definition of the element. To make the use of extensions safe and manageable, there is a strict set of governance  applied to the definition and use of extensions. Though any implementer can define an extension, there is a set of requirements that SHALL be met as part of the definition of the extension.","There can be no stigma associated with the use of extensions by any application, project, or standard - regardless of the institution or jurisdiction that uses or defines the extensions.  The use of extensions is what allows the FHIR specification to retain a core level of simplicity for everyone.","","","","","","","","",,,,,"","value:url}
","Extensions are always sliced by (at least) url",,"open","Element.extension",0,*,"","ele-1:All FHIR elements must have a @value or children {hasValue() or (children().count() > id.count())}
ext-1:Must have either extensions or value[x], not both {extension.exists() != value.exists()}"
"EMSProtocol.administrative.involvedParticipant.modifierExtension","EMSProtocol.administrative.involvedParticipant.modifierExtension","","extensions
user contentmodifiers","",0,*,"","Y","Y","Extension {[]} {[]}
","Extensions that cannot be ignored even if unrecognized","May be used to represent additional information that is not part of the basic definition of the element and that modifies the understanding of the element in which it is contained and/or the understanding of the containing element's descendants. Usually modifier elements provide negation or qualification. To make the use of extensions safe and manageable, there is a strict set of governance applied to the definition and use of extensions. Though any implementer can define an extension, there is a set of requirements that SHALL be met as part of the definition of the extension. Applications processing a resource are required to check for modifier extensions.

Modifier extensions SHALL NOT change the meaning of any elements on Resource or DomainResource (including cannot change the meaning of modifierExtension itself).","There can be no stigma associated with the use of extensions by any application, project, or standard - regardless of the institution or jurisdiction that uses or defines the extensions.  The use of extensions is what allows the FHIR specification to retain a core level of simplicity for everyone.","Modifier extensions allow for extensions that *cannot* be safely ignored to be clearly distinguished from the vast majority of extensions which can be safely ignored.  This promotes interoperability by eliminating the need for implementers to prohibit the presence of extensions. For further information, see the [definition of modifier extensions](http://hl7.org/fhir/R4/extensibility.html#modifierExtension).","","","","","","","",,,,,"",,,,"BackboneElement.modifierExtension",0,*,"","ele-1:All FHIR elements must have a @value or children {hasValue() or (children().count() > id.count())}
ext-1:Must have either extensions or value[x], not both {extension.exists() != value.exists()}"
"EMSProtocol.administrative.involvedParticipant.role","EMSProtocol.administrative.involvedParticipant.role","","","",0,*,"","","","CodeableConcept {[]} {[]}
","Rolle","Rolle","","","","","","","","","",,"extensible","IVR VS (SCT & IVR)","http://fhir.ch/ig/ch-ems/ValueSet/IVR-VS-personRole","",,,,"EMSProtocol.administrative.involvedParticipant.role",0,*,"",""
"EMSProtocol.administrative.involvedParticipant.name","EMSProtocol.administrative.involvedParticipant.name","","","",0,1,"","","","HumanName {[]} {[]}
","Name","Name","","","","","","","","","",,,,,"",,,,"EMSProtocol.administrative.involvedParticipant.name",0,1,"","ele-1:All FHIR elements must have a @value or children {hasValue() or (children().count() > id.count())}
"
"EMSProtocol.administrative.involvedParticipant.name.id","EMSProtocol.administrative.involvedParticipant.name.id","","","",0,1,"","","","string {[]} {[]}
","Unique id for inter-element referencing","Unique id for the element within a resource (for internal references). This may be any string value that does not contain spaces.","","","","","","","","","",,,,,"",,,,"Element.id",0,1,"",""
"EMSProtocol.administrative.involvedParticipant.name.extension","EMSProtocol.administrative.involvedParticipant.name.extension","","extensions
user content","",0,*,"","","","Extension {[]} {[]}
","Additional content defined by implementations","May be used to represent additional information that is not part of the basic definition of the element. To make the use of extensions safe and manageable, there is a strict set of governance  applied to the definition and use of extensions. Though any implementer can define an extension, there is a set of requirements that SHALL be met as part of the definition of the extension.","There can be no stigma associated with the use of extensions by any application, project, or standard - regardless of the institution or jurisdiction that uses or defines the extensions.  The use of extensions is what allows the FHIR specification to retain a core level of simplicity for everyone.","","","","","","","","",,,,,"","value:url}
","Extensions are always sliced by (at least) url",,"open","Element.extension",0,*,"","ele-1:All FHIR elements must have a @value or children {hasValue() or (children().count() > id.count())}
ext-1:Must have either extensions or value[x], not both {extension.exists() != value.exists()}"
"EMSProtocol.administrative.involvedParticipant.name.use","EMSProtocol.administrative.involvedParticipant.name.use","","","",0,1,"","Y","Y","code {[]} {[]}
","usual | official | temp | nickname | anonymous | old | maiden","Identifies the purpose for this name.","Applications can assume that a name is current unless it explicitly says that it is temporary or old.","Allows the appropriate name for a particular context of use to be selected from among a set of names.","","","","","","","",,"required","The use of a human name.","http://hl7.org/fhir/ValueSet/name-use|4.0.1","",,,,"HumanName.use",0,1,"","ele-1:All FHIR elements must have a @value or children {hasValue() or (children().count() > id.count())}
"
"EMSProtocol.administrative.involvedParticipant.name.text","EMSProtocol.administrative.involvedParticipant.name.text","","","",0,1,"","","Y","string {[]} {[]}
","Text representation of the full name","Specifies the entire name as it should be displayed e.g. on an application UI. This may be provided instead of or as well as the specific parts.","Can provide both a text representation and parts. Applications updating a name SHALL ensure that when both text and parts are present,  no content is included in the text that isn't found in a part.","A renderable, unencoded form.","","","","","","","",,,,,"",,,,"HumanName.text",0,1,"","ele-1:All FHIR elements must have a @value or children {hasValue() or (children().count() > id.count())}
"
"EMSProtocol.administrative.involvedParticipant.name.family","EMSProtocol.administrative.involvedParticipant.name.family","","surname
","",0,1,"","","Y","string {[]} {[]}
","Family name (often called 'Surname')","The part of a name that links to the genealogy. In some cultures (e.g. Eritrea) the family name of a son is the first name of his father.","Family Name may be decomposed into specific parts using extensions (de, nl, es related cultures).","","","","","","","","",,,,,"",,,,"HumanName.family",0,1,"","ele-1:All FHIR elements must have a @value or children {hasValue() or (children().count() > id.count())}
"
"EMSProtocol.administrative.involvedParticipant.name.given","EMSProtocol.administrative.involvedParticipant.name.given","","first name
middle name","",0,*,"","","Y","string {[]} {[]}
","Given names (not always 'first'). Includes middle names","Given name.","If only initials are recorded, they may be used in place of the full name parts. Initials may be separated into multiple given names but often aren't due to paractical limitations.  This element is not called ""first name"" since given names do not always come first.","","","","","","","","",,,,,"",,,,"HumanName.given",0,*,"","ele-1:All FHIR elements must have a @value or children {hasValue() or (children().count() > id.count())}
"
"EMSProtocol.administrative.involvedParticipant.name.prefix","EMSProtocol.administrative.involvedParticipant.name.prefix","","","",0,*,"","","Y","string {[]} {[]}
","Parts that come before the name","Part of the name that is acquired as a title due to academic, legal, employment or nobility status, etc. and that appears at the start of the name.","","","","","","","","","",,,,,"",,,,"HumanName.prefix",0,*,"","ele-1:All FHIR elements must have a @value or children {hasValue() or (children().count() > id.count())}
"
"EMSProtocol.administrative.involvedParticipant.name.suffix","EMSProtocol.administrative.involvedParticipant.name.suffix","","","",0,*,"","","Y","string {[]} {[]}
","Parts that come after the name","Part of the name that is acquired as a title due to academic, legal, employment or nobility status, etc. and that appears at the end of the name.","","","","","","","","","",,,,,"",,,,"HumanName.suffix",0,*,"","ele-1:All FHIR elements must have a @value or children {hasValue() or (children().count() > id.count())}
"
"EMSProtocol.administrative.involvedParticipant.name.period","EMSProtocol.administrative.involvedParticipant.name.period","","","",0,1,"","","Y","Period {[]} {[]}
","Time period when name was/is in use","Indicates the period of time when this name was valid for the named person.","","Allows names to be placed in historical context.","","","","","","","",,,,,"",,,,"HumanName.period",0,1,"","ele-1:All FHIR elements must have a @value or children {hasValue() or (children().count() > id.count())}
"
"EMSProtocol.administrative.involvedParticipant.name.firstName","EMSProtocol.administrative.involvedParticipant.name.firstName","","","",0,1,"","","","string {[]} {[]}
","Vorname","Vorname","","","","","","","","","",,,,,"",,,,"EMSProtocol.administrative.involvedParticipant.name.firstName",0,1,"",""
"EMSProtocol.administrative.involvedParticipant.name.lastName","EMSProtocol.administrative.involvedParticipant.name.lastName","","","",0,1,"","","","string {[]} {[]}
","Nachname","Nachname","","","","","","","","","",,,,,"",,,,"EMSProtocol.administrative.involvedParticipant.name.lastName",0,1,"",""
"EMSProtocol.pretreatment","EMSProtocol.pretreatment","","","",0,*,"","","","BackboneElement {[]} {[]}
","Vorbehandlung","Vorbehandlung","","","","","","","","","",,,,,"",,,,"EMSProtocol.pretreatment",0,*,"","ele-1:All FHIR elements must have a @value or children {hasValue() or (children().count() > id.count())}
"
"EMSProtocol.pretreatment.id","EMSProtocol.pretreatment.id","","","",0,1,"","","","string {[]} {[]}
","Unique id for inter-element referencing","Unique id for the element within a resource (for internal references). This may be any string value that does not contain spaces.","","","","","","","","","",,,,,"",,,,"Element.id",0,1,"",""
"EMSProtocol.pretreatment.extension","EMSProtocol.pretreatment.extension","","extensions
user content","",0,*,"","","","Extension {[]} {[]}
","Additional content defined by implementations","May be used to represent additional information that is not part of the basic definition of the element. To make the use of extensions safe and manageable, there is a strict set of governance  applied to the definition and use of extensions. Though any implementer can define an extension, there is a set of requirements that SHALL be met as part of the definition of the extension.","There can be no stigma associated with the use of extensions by any application, project, or standard - regardless of the institution or jurisdiction that uses or defines the extensions.  The use of extensions is what allows the FHIR specification to retain a core level of simplicity for everyone.","","","","","","","","",,,,,"","value:url}
","Extensions are always sliced by (at least) url",,"open","Element.extension",0,*,"","ele-1:All FHIR elements must have a @value or children {hasValue() or (children().count() > id.count())}
ext-1:Must have either extensions or value[x], not both {extension.exists() != value.exists()}"
"EMSProtocol.pretreatment.modifierExtension","EMSProtocol.pretreatment.modifierExtension","","extensions
user contentmodifiers","",0,*,"","Y","Y","Extension {[]} {[]}
","Extensions that cannot be ignored even if unrecognized","May be used to represent additional information that is not part of the basic definition of the element and that modifies the understanding of the element in which it is contained and/or the understanding of the containing element's descendants. Usually modifier elements provide negation or qualification. To make the use of extensions safe and manageable, there is a strict set of governance applied to the definition and use of extensions. Though any implementer can define an extension, there is a set of requirements that SHALL be met as part of the definition of the extension. Applications processing a resource are required to check for modifier extensions.

Modifier extensions SHALL NOT change the meaning of any elements on Resource or DomainResource (including cannot change the meaning of modifierExtension itself).","There can be no stigma associated with the use of extensions by any application, project, or standard - regardless of the institution or jurisdiction that uses or defines the extensions.  The use of extensions is what allows the FHIR specification to retain a core level of simplicity for everyone.","Modifier extensions allow for extensions that *cannot* be safely ignored to be clearly distinguished from the vast majority of extensions which can be safely ignored.  This promotes interoperability by eliminating the need for implementers to prohibit the presence of extensions. For further information, see the [definition of modifier extensions](http://hl7.org/fhir/R4/extensibility.html#modifierExtension).","","","","","","","",,,,,"",,,,"BackboneElement.modifierExtension",0,*,"","ele-1:All FHIR elements must have a @value or children {hasValue() or (children().count() > id.count())}
ext-1:Must have either extensions or value[x], not both {extension.exists() != value.exists()}"
"EMSProtocol.pretreatment.type","EMSProtocol.pretreatment.type","","","",0,1,"","","","CodeableConcept {[]} {[]}
","Behandlungart","Behandlungart","","","","","","","","","",,"extensible","IVR VS (SCT)","http://fhir.ch/ig/ch-ems/ValueSet/IVR-VS-preTreatType","",,,,"EMSProtocol.pretreatment.type",0,1,"",""
"EMSProtocol.pretreatment.performer","EMSProtocol.pretreatment.performer","","","",0,1,"","","","CodeableConcept {[]} {[]}
","Vorbehandelnde Person","Vorbehandelnde Person","","","","","","","","","",,"extensible","IVR VS (SCT & IVR)","http://fhir.ch/ig/ch-ems/ValueSet/IVR-VS-preTreatment","",,,,"EMSProtocol.pretreatment.performer",0,1,"",""
"EMSProtocol.anamnesis","EMSProtocol.anamnesis","","","",0,1,"","","","BackboneElement {[]} {[]}
","Anamnese","Anamnese","","","","","","","","","",,,,,"",,,,"EMSProtocol.anamnesis",0,1,"","ele-1:All FHIR elements must have a @value or children {hasValue() or (children().count() > id.count())}
"
"EMSProtocol.anamnesis.id","EMSProtocol.anamnesis.id","","","",0,1,"","","","string {[]} {[]}
","Unique id for inter-element referencing","Unique id for the element within a resource (for internal references). This may be any string value that does not contain spaces.","","","","","","","","","",,,,,"",,,,"Element.id",0,1,"",""
"EMSProtocol.anamnesis.extension","EMSProtocol.anamnesis.extension","","extensions
user content","",0,*,"","","","Extension {[]} {[]}
","Additional content defined by implementations","May be used to represent additional information that is not part of the basic definition of the element. To make the use of extensions safe and manageable, there is a strict set of governance  applied to the definition and use of extensions. Though any implementer can define an extension, there is a set of requirements that SHALL be met as part of the definition of the extension.","There can be no stigma associated with the use of extensions by any application, project, or standard - regardless of the institution or jurisdiction that uses or defines the extensions.  The use of extensions is what allows the FHIR specification to retain a core level of simplicity for everyone.","","","","","","","","",,,,,"","value:url}
","Extensions are always sliced by (at least) url",,"open","Element.extension",0,*,"","ele-1:All FHIR elements must have a @value or children {hasValue() or (children().count() > id.count())}
ext-1:Must have either extensions or value[x], not both {extension.exists() != value.exists()}"
"EMSProtocol.anamnesis.modifierExtension","EMSProtocol.anamnesis.modifierExtension","","extensions
user contentmodifiers","",0,*,"","Y","Y","Extension {[]} {[]}
","Extensions that cannot be ignored even if unrecognized","May be used to represent additional information that is not part of the basic definition of the element and that modifies the understanding of the element in which it is contained and/or the understanding of the containing element's descendants. Usually modifier elements provide negation or qualification. To make the use of extensions safe and manageable, there is a strict set of governance applied to the definition and use of extensions. Though any implementer can define an extension, there is a set of requirements that SHALL be met as part of the definition of the extension. Applications processing a resource are required to check for modifier extensions.

Modifier extensions SHALL NOT change the meaning of any elements on Resource or DomainResource (including cannot change the meaning of modifierExtension itself).","There can be no stigma associated with the use of extensions by any application, project, or standard - regardless of the institution or jurisdiction that uses or defines the extensions.  The use of extensions is what allows the FHIR specification to retain a core level of simplicity for everyone.","Modifier extensions allow for extensions that *cannot* be safely ignored to be clearly distinguished from the vast majority of extensions which can be safely ignored.  This promotes interoperability by eliminating the need for implementers to prohibit the presence of extensions. For further information, see the [definition of modifier extensions](http://hl7.org/fhir/R4/extensibility.html#modifierExtension).","","","","","","","",,,,,"",,,,"BackboneElement.modifierExtension",0,*,"","ele-1:All FHIR elements must have a @value or children {hasValue() or (children().count() > id.count())}
ext-1:Must have either extensions or value[x], not both {extension.exists() != value.exists()}"
"EMSProtocol.anamnesis.event","EMSProtocol.anamnesis.event","","","",0,1,"","","","BackboneElement {[]} {[]}
","Ereignis","Ereignis","","","","","","","","","",,,,,"",,,,"EMSProtocol.anamnesis.event",0,1,"","ele-1:All FHIR elements must have a @value or children {hasValue() or (children().count() > id.count())}
"
"EMSProtocol.anamnesis.event.id","EMSProtocol.anamnesis.event.id","","","",0,1,"","","","string {[]} {[]}
","Unique id for inter-element referencing","Unique id for the element within a resource (for internal references). This may be any string value that does not contain spaces.","","","","","","","","","",,,,,"",,,,"Element.id",0,1,"",""
"EMSProtocol.anamnesis.event.extension","EMSProtocol.anamnesis.event.extension","","extensions
user content","",0,*,"","","","Extension {[]} {[]}
","Additional content defined by implementations","May be used to represent additional information that is not part of the basic definition of the element. To make the use of extensions safe and manageable, there is a strict set of governance  applied to the definition and use of extensions. Though any implementer can define an extension, there is a set of requirements that SHALL be met as part of the definition of the extension.","There can be no stigma associated with the use of extensions by any application, project, or standard - regardless of the institution or jurisdiction that uses or defines the extensions.  The use of extensions is what allows the FHIR specification to retain a core level of simplicity for everyone.","","","","","","","","",,,,,"","value:url}
","Extensions are always sliced by (at least) url",,"open","Element.extension",0,*,"","ele-1:All FHIR elements must have a @value or children {hasValue() or (children().count() > id.count())}
ext-1:Must have either extensions or value[x], not both {extension.exists() != value.exists()}"
"EMSProtocol.anamnesis.event.modifierExtension","EMSProtocol.anamnesis.event.modifierExtension","","extensions
user contentmodifiers","",0,*,"","Y","Y","Extension {[]} {[]}
","Extensions that cannot be ignored even if unrecognized","May be used to represent additional information that is not part of the basic definition of the element and that modifies the understanding of the element in which it is contained and/or the understanding of the containing element's descendants. Usually modifier elements provide negation or qualification. To make the use of extensions safe and manageable, there is a strict set of governance applied to the definition and use of extensions. Though any implementer can define an extension, there is a set of requirements that SHALL be met as part of the definition of the extension. Applications processing a resource are required to check for modifier extensions.

Modifier extensions SHALL NOT change the meaning of any elements on Resource or DomainResource (including cannot change the meaning of modifierExtension itself).","There can be no stigma associated with the use of extensions by any application, project, or standard - regardless of the institution or jurisdiction that uses or defines the extensions.  The use of extensions is what allows the FHIR specification to retain a core level of simplicity for everyone.","Modifier extensions allow for extensions that *cannot* be safely ignored to be clearly distinguished from the vast majority of extensions which can be safely ignored.  This promotes interoperability by eliminating the need for implementers to prohibit the presence of extensions. For further information, see the [definition of modifier extensions](http://hl7.org/fhir/R4/extensibility.html#modifierExtension).","","","","","","","",,,,,"",,,,"BackboneElement.modifierExtension",0,*,"","ele-1:All FHIR elements must have a @value or children {hasValue() or (children().count() > id.count())}
ext-1:Must have either extensions or value[x], not both {extension.exists() != value.exists()}"
"EMSProtocol.anamnesis.event.code","EMSProtocol.anamnesis.event.code","","","",0,1,"","","","CodeableConcept {[]} {[]}
","Ereignis codiert","Ereignis codiert","","","","","","","","","",,"extensible","IVR VS (SCT & IVR)","http://fhir.ch/ig/ch-ems/ValueSet/IVR-VS-event","",,,,"EMSProtocol.anamnesis.event.code",0,1,"",""
"EMSProtocol.anamnesis.event.freeText","EMSProtocol.anamnesis.event.freeText","","","",0,1,"","","","string {[]} {[]}
","Ereignis Freitext","Ereignis Freitext","","","","","","","","","",,,,,"",,,,"EMSProtocol.anamnesis.event.freeText",0,1,"",""
"EMSProtocol.anamnesis.symptom","EMSProtocol.anamnesis.symptom","","","",0,*,"","","","BackboneElement {[]} {[]}
","Symptom","Symptom","","","","","","","","","",,,,,"",,,,"EMSProtocol.anamnesis.symptom",0,*,"","ele-1:All FHIR elements must have a @value or children {hasValue() or (children().count() > id.count())}
"
"EMSProtocol.anamnesis.symptom.id","EMSProtocol.anamnesis.symptom.id","","","",0,1,"","","","string {[]} {[]}
","Unique id for inter-element referencing","Unique id for the element within a resource (for internal references). This may be any string value that does not contain spaces.","","","","","","","","","",,,,,"",,,,"Element.id",0,1,"",""
"EMSProtocol.anamnesis.symptom.extension","EMSProtocol.anamnesis.symptom.extension","","extensions
user content","",0,*,"","","","Extension {[]} {[]}
","Additional content defined by implementations","May be used to represent additional information that is not part of the basic definition of the element. To make the use of extensions safe and manageable, there is a strict set of governance  applied to the definition and use of extensions. Though any implementer can define an extension, there is a set of requirements that SHALL be met as part of the definition of the extension.","There can be no stigma associated with the use of extensions by any application, project, or standard - regardless of the institution or jurisdiction that uses or defines the extensions.  The use of extensions is what allows the FHIR specification to retain a core level of simplicity for everyone.","","","","","","","","",,,,,"","value:url}
","Extensions are always sliced by (at least) url",,"open","Element.extension",0,*,"","ele-1:All FHIR elements must have a @value or children {hasValue() or (children().count() > id.count())}
ext-1:Must have either extensions or value[x], not both {extension.exists() != value.exists()}"
"EMSProtocol.anamnesis.symptom.modifierExtension","EMSProtocol.anamnesis.symptom.modifierExtension","","extensions
user contentmodifiers","",0,*,"","Y","Y","Extension {[]} {[]}
","Extensions that cannot be ignored even if unrecognized","May be used to represent additional information that is not part of the basic definition of the element and that modifies the understanding of the element in which it is contained and/or the understanding of the containing element's descendants. Usually modifier elements provide negation or qualification. To make the use of extensions safe and manageable, there is a strict set of governance applied to the definition and use of extensions. Though any implementer can define an extension, there is a set of requirements that SHALL be met as part of the definition of the extension. Applications processing a resource are required to check for modifier extensions.

Modifier extensions SHALL NOT change the meaning of any elements on Resource or DomainResource (including cannot change the meaning of modifierExtension itself).","There can be no stigma associated with the use of extensions by any application, project, or standard - regardless of the institution or jurisdiction that uses or defines the extensions.  The use of extensions is what allows the FHIR specification to retain a core level of simplicity for everyone.","Modifier extensions allow for extensions that *cannot* be safely ignored to be clearly distinguished from the vast majority of extensions which can be safely ignored.  This promotes interoperability by eliminating the need for implementers to prohibit the presence of extensions. For further information, see the [definition of modifier extensions](http://hl7.org/fhir/R4/extensibility.html#modifierExtension).","","","","","","","",,,,,"",,,,"BackboneElement.modifierExtension",0,*,"","ele-1:All FHIR elements must have a @value or children {hasValue() or (children().count() > id.count())}
ext-1:Must have either extensions or value[x], not both {extension.exists() != value.exists()}"
"EMSProtocol.anamnesis.symptom.code","EMSProtocol.anamnesis.symptom.code","","","",0,1,"","","","CodeableConcept {[]} {[]}
","Symptom codiert","Symptom codiert","","","","","","","","","",,"extensible","IVR VS (SCT & IVR)","http://fhir.ch/ig/ch-ems/ValueSet/IVR-VS-symptom","",,,,"EMSProtocol.anamnesis.symptom.code",0,1,"",""
"EMSProtocol.anamnesis.symptom.freeText","EMSProtocol.anamnesis.symptom.freeText","","","",0,1,"","","","string {[]} {[]}
","Symptome Freitext","Symptome Freitext","","","","","","","","","",,,,,"",,,,"EMSProtocol.anamnesis.symptom.freeText",0,1,"",""
"EMSProtocol.anamnesis.allergyIntolerance","EMSProtocol.anamnesis.allergyIntolerance","","","",0,*,"","","","BackboneElement {[]} {[]}
","Allergie / Unverträglichkeit","Allergie / Unverträglichkeit","","","","","","","","","",,,,,"",,,,"EMSProtocol.anamnesis.allergyIntolerance",0,*,"","ele-1:All FHIR elements must have a @value or children {hasValue() or (children().count() > id.count())}
"
"EMSProtocol.anamnesis.allergyIntolerance.id","EMSProtocol.anamnesis.allergyIntolerance.id","","","",0,1,"","","","string {[]} {[]}
","Unique id for inter-element referencing","Unique id for the element within a resource (for internal references). This may be any string value that does not contain spaces.","","","","","","","","","",,,,,"",,,,"Element.id",0,1,"",""
"EMSProtocol.anamnesis.allergyIntolerance.extension","EMSProtocol.anamnesis.allergyIntolerance.extension","","extensions
user content","",0,*,"","","","Extension {[]} {[]}
","Additional content defined by implementations","May be used to represent additional information that is not part of the basic definition of the element. To make the use of extensions safe and manageable, there is a strict set of governance  applied to the definition and use of extensions. Though any implementer can define an extension, there is a set of requirements that SHALL be met as part of the definition of the extension.","There can be no stigma associated with the use of extensions by any application, project, or standard - regardless of the institution or jurisdiction that uses or defines the extensions.  The use of extensions is what allows the FHIR specification to retain a core level of simplicity for everyone.","","","","","","","","",,,,,"","value:url}
","Extensions are always sliced by (at least) url",,"open","Element.extension",0,*,"","ele-1:All FHIR elements must have a @value or children {hasValue() or (children().count() > id.count())}
ext-1:Must have either extensions or value[x], not both {extension.exists() != value.exists()}"
"EMSProtocol.anamnesis.allergyIntolerance.modifierExtension","EMSProtocol.anamnesis.allergyIntolerance.modifierExtension","","extensions
user contentmodifiers","",0,*,"","Y","Y","Extension {[]} {[]}
","Extensions that cannot be ignored even if unrecognized","May be used to represent additional information that is not part of the basic definition of the element and that modifies the understanding of the element in which it is contained and/or the understanding of the containing element's descendants. Usually modifier elements provide negation or qualification. To make the use of extensions safe and manageable, there is a strict set of governance applied to the definition and use of extensions. Though any implementer can define an extension, there is a set of requirements that SHALL be met as part of the definition of the extension. Applications processing a resource are required to check for modifier extensions.

Modifier extensions SHALL NOT change the meaning of any elements on Resource or DomainResource (including cannot change the meaning of modifierExtension itself).","There can be no stigma associated with the use of extensions by any application, project, or standard - regardless of the institution or jurisdiction that uses or defines the extensions.  The use of extensions is what allows the FHIR specification to retain a core level of simplicity for everyone.","Modifier extensions allow for extensions that *cannot* be safely ignored to be clearly distinguished from the vast majority of extensions which can be safely ignored.  This promotes interoperability by eliminating the need for implementers to prohibit the presence of extensions. For further information, see the [definition of modifier extensions](http://hl7.org/fhir/R4/extensibility.html#modifierExtension).","","","","","","","",,,,,"",,,,"BackboneElement.modifierExtension",0,*,"","ele-1:All FHIR elements must have a @value or children {hasValue() or (children().count() > id.count())}
ext-1:Must have either extensions or value[x], not both {extension.exists() != value.exists()}"
"EMSProtocol.anamnesis.allergyIntolerance.type","EMSProtocol.anamnesis.allergyIntolerance.type","","","",0,1,"","","","code {[]} {[]}
","Differenzierung Allergie / Unverträglichkeit (falls bekannt)","Differenzierung Allergie / Unverträglichkeit (falls bekannt)","","","","","","","","","",,"required","HL7 VS with obligatory values","http://hl7.org/fhir/ValueSet/allergy-intolerance-type","",,,,"EMSProtocol.anamnesis.allergyIntolerance.type",0,1,"",""
"EMSProtocol.anamnesis.allergyIntolerance.code","EMSProtocol.anamnesis.allergyIntolerance.code","","","",0,1,"","","","CodeableConcept {[]} {[]}
","Allergy / Unverträglichkeit codiert","Allergy / Unverträglichkeit codiert","","","","","","","","","",,"extensible","HL7.ch VS (SCT)","http://fhir.ch/ig/ch-allergyintolerance/ValueSet/CHAllergyIntoleranceValueSet","",,,,"EMSProtocol.anamnesis.allergyIntolerance.code",0,1,"",""
"EMSProtocol.anamnesis.medicationStatement","EMSProtocol.anamnesis.medicationStatement","","","",0,*,"","","","BackboneElement {[]} {[]}
","Bestehende Medikation","Bestehende Medikation","","","","","","","","","",,,,,"",,,,"EMSProtocol.anamnesis.medicationStatement",0,*,"","ele-1:All FHIR elements must have a @value or children {hasValue() or (children().count() > id.count())}
"
"EMSProtocol.anamnesis.medicationStatement.id","EMSProtocol.anamnesis.medicationStatement.id","","","",0,1,"","","","string {[]} {[]}
","Unique id for inter-element referencing","Unique id for the element within a resource (for internal references). This may be any string value that does not contain spaces.","","","","","","","","","",,,,,"",,,,"Element.id",0,1,"",""
"EMSProtocol.anamnesis.medicationStatement.extension","EMSProtocol.anamnesis.medicationStatement.extension","","extensions
user content","",0,*,"","","","Extension {[]} {[]}
","Additional content defined by implementations","May be used to represent additional information that is not part of the basic definition of the element. To make the use of extensions safe and manageable, there is a strict set of governance  applied to the definition and use of extensions. Though any implementer can define an extension, there is a set of requirements that SHALL be met as part of the definition of the extension.","There can be no stigma associated with the use of extensions by any application, project, or standard - regardless of the institution or jurisdiction that uses or defines the extensions.  The use of extensions is what allows the FHIR specification to retain a core level of simplicity for everyone.","","","","","","","","",,,,,"","value:url}
","Extensions are always sliced by (at least) url",,"open","Element.extension",0,*,"","ele-1:All FHIR elements must have a @value or children {hasValue() or (children().count() > id.count())}
ext-1:Must have either extensions or value[x], not both {extension.exists() != value.exists()}"
"EMSProtocol.anamnesis.medicationStatement.modifierExtension","EMSProtocol.anamnesis.medicationStatement.modifierExtension","","extensions
user contentmodifiers","",0,*,"","Y","Y","Extension {[]} {[]}
","Extensions that cannot be ignored even if unrecognized","May be used to represent additional information that is not part of the basic definition of the element and that modifies the understanding of the element in which it is contained and/or the understanding of the containing element's descendants. Usually modifier elements provide negation or qualification. To make the use of extensions safe and manageable, there is a strict set of governance applied to the definition and use of extensions. Though any implementer can define an extension, there is a set of requirements that SHALL be met as part of the definition of the extension. Applications processing a resource are required to check for modifier extensions.

Modifier extensions SHALL NOT change the meaning of any elements on Resource or DomainResource (including cannot change the meaning of modifierExtension itself).","There can be no stigma associated with the use of extensions by any application, project, or standard - regardless of the institution or jurisdiction that uses or defines the extensions.  The use of extensions is what allows the FHIR specification to retain a core level of simplicity for everyone.","Modifier extensions allow for extensions that *cannot* be safely ignored to be clearly distinguished from the vast majority of extensions which can be safely ignored.  This promotes interoperability by eliminating the need for implementers to prohibit the presence of extensions. For further information, see the [definition of modifier extensions](http://hl7.org/fhir/R4/extensibility.html#modifierExtension).","","","","","","","",,,,,"",,,,"BackboneElement.modifierExtension",0,*,"","ele-1:All FHIR elements must have a @value or children {hasValue() or (children().count() > id.count())}
ext-1:Must have either extensions or value[x], not both {extension.exists() != value.exists()}"
"EMSProtocol.anamnesis.medicationStatement.medication","EMSProtocol.anamnesis.medicationStatement.medication","","","",1,1,"","","","BackboneElement {[]} {[]}
","Medikament","Medikament","","","","","","","","","",,,,,"",,,,"EMSProtocol.anamnesis.medicationStatement.medication",1,1,"","ele-1:All FHIR elements must have a @value or children {hasValue() or (children().count() > id.count())}
"
"EMSProtocol.anamnesis.medicationStatement.medication.id","EMSProtocol.anamnesis.medicationStatement.medication.id","","","",0,1,"","","","string {[]} {[]}
","Unique id for inter-element referencing","Unique id for the element within a resource (for internal references). This may be any string value that does not contain spaces.","","","","","","","","","",,,,,"",,,,"Element.id",0,1,"",""
"EMSProtocol.anamnesis.medicationStatement.medication.extension","EMSProtocol.anamnesis.medicationStatement.medication.extension","","extensions
user content","",0,*,"","","","Extension {[]} {[]}
","Additional content defined by implementations","May be used to represent additional information that is not part of the basic definition of the element. To make the use of extensions safe and manageable, there is a strict set of governance  applied to the definition and use of extensions. Though any implementer can define an extension, there is a set of requirements that SHALL be met as part of the definition of the extension.","There can be no stigma associated with the use of extensions by any application, project, or standard - regardless of the institution or jurisdiction that uses or defines the extensions.  The use of extensions is what allows the FHIR specification to retain a core level of simplicity for everyone.","","","","","","","","",,,,,"","value:url}
","Extensions are always sliced by (at least) url",,"open","Element.extension",0,*,"","ele-1:All FHIR elements must have a @value or children {hasValue() or (children().count() > id.count())}
ext-1:Must have either extensions or value[x], not both {extension.exists() != value.exists()}"
"EMSProtocol.anamnesis.medicationStatement.medication.modifierExtension","EMSProtocol.anamnesis.medicationStatement.medication.modifierExtension","","extensions
user contentmodifiers","",0,*,"","Y","Y","Extension {[]} {[]}
","Extensions that cannot be ignored even if unrecognized","May be used to represent additional information that is not part of the basic definition of the element and that modifies the understanding of the element in which it is contained and/or the understanding of the containing element's descendants. Usually modifier elements provide negation or qualification. To make the use of extensions safe and manageable, there is a strict set of governance applied to the definition and use of extensions. Though any implementer can define an extension, there is a set of requirements that SHALL be met as part of the definition of the extension. Applications processing a resource are required to check for modifier extensions.

Modifier extensions SHALL NOT change the meaning of any elements on Resource or DomainResource (including cannot change the meaning of modifierExtension itself).","There can be no stigma associated with the use of extensions by any application, project, or standard - regardless of the institution or jurisdiction that uses or defines the extensions.  The use of extensions is what allows the FHIR specification to retain a core level of simplicity for everyone.","Modifier extensions allow for extensions that *cannot* be safely ignored to be clearly distinguished from the vast majority of extensions which can be safely ignored.  This promotes interoperability by eliminating the need for implementers to prohibit the presence of extensions. For further information, see the [definition of modifier extensions](http://hl7.org/fhir/R4/extensibility.html#modifierExtension).","","","","","","","",,,,,"",,,,"BackboneElement.modifierExtension",0,*,"","ele-1:All FHIR elements must have a @value or children {hasValue() or (children().count() > id.count())}
ext-1:Must have either extensions or value[x], not both {extension.exists() != value.exists()}"
"EMSProtocol.anamnesis.medicationStatement.medication.product","EMSProtocol.anamnesis.medicationStatement.medication.product","","","",0,1,"","","","CodeableConcept {[]} {[]}
","Präparat","Präparat","","","","","","","","","",,,,,"",,,,"EMSProtocol.anamnesis.medicationStatement.medication.product",0,1,"","ele-1:All FHIR elements must have a @value or children {hasValue() or (children().count() > id.count())}
"
"EMSProtocol.anamnesis.medicationStatement.medication.product.id","EMSProtocol.anamnesis.medicationStatement.medication.product.id","","","",0,1,"","","","string {[]} {[]}
","Unique id for inter-element referencing","Unique id for the element within a resource (for internal references). This may be any string value that does not contain spaces.","","","","","","","","","",,,,,"",,,,"Element.id",0,1,"",""
"EMSProtocol.anamnesis.medicationStatement.medication.product.extension","EMSProtocol.anamnesis.medicationStatement.medication.product.extension","","extensions
user content","",0,*,"","","","Extension {[]} {[]}
","Additional content defined by implementations","May be used to represent additional information that is not part of the basic definition of the element. To make the use of extensions safe and manageable, there is a strict set of governance  applied to the definition and use of extensions. Though any implementer can define an extension, there is a set of requirements that SHALL be met as part of the definition of the extension.","There can be no stigma associated with the use of extensions by any application, project, or standard - regardless of the institution or jurisdiction that uses or defines the extensions.  The use of extensions is what allows the FHIR specification to retain a core level of simplicity for everyone.","","","","","","","","",,,,,"","value:url}
","Extensions are always sliced by (at least) url",,"open","Element.extension",0,*,"","ele-1:All FHIR elements must have a @value or children {hasValue() or (children().count() > id.count())}
ext-1:Must have either extensions or value[x], not both {extension.exists() != value.exists()}"
"EMSProtocol.anamnesis.medicationStatement.medication.product.coding","EMSProtocol.anamnesis.medicationStatement.medication.product.coding","","","",0,*,"","","Y","Coding {[]} {[]}
","Code defined by a terminology system","A reference to a code defined by a terminology system.","Codes may be defined very casually in enumerations, or code lists, up to very formal definitions such as SNOMED CT - see the HL7 v3 Core Principles for more information.  Ordering of codings is undefined and SHALL NOT be used to infer meaning. Generally, at most only one of the coding values will be labeled as UserSelected = true.","Allows for alternative encodings within a code system, and translations to other code systems.","","","","","","","",,,,,"",,,,"CodeableConcept.coding",0,*,"","ele-1:All FHIR elements must have a @value or children {hasValue() or (children().count() > id.count())}
"
"EMSProtocol.anamnesis.medicationStatement.medication.product.text","EMSProtocol.anamnesis.medicationStatement.medication.product.text","","","",0,1,"","","Y","string {[]} {[]}
","Plain text representation of the concept","A human language representation of the concept as seen/selected/uttered by the user who entered the data and/or which represents the intended meaning of the user.","Very often the text is the same as a displayName of one of the codings.","The codes from the terminologies do not always capture the correct meaning with all the nuances of the human using them, or sometimes there is no appropriate code at all. In these cases, the text is used to capture the full meaning of the source.","","","","","","","",,,,,"",,,,"CodeableConcept.text",0,1,"","ele-1:All FHIR elements must have a @value or children {hasValue() or (children().count() > id.count())}
"
"EMSProtocol.anamnesis.medicationStatement.medication.product.gtin","EMSProtocol.anamnesis.medicationStatement.medication.product.gtin","","","",0,1,"","","","Coding {[]} {[]}
","GTIN (Global Trade Item Number (GS1)) für Schweizer Produkte","GTIN (Global Trade Item Number (GS1)) für Schweizer Produkte","","","","","","","","","",,,,,"",,,,"EMSProtocol.anamnesis.medicationStatement.medication.product.gtin",0,1,"",""
"EMSProtocol.anamnesis.medicationStatement.medication.product.atc","EMSProtocol.anamnesis.medicationStatement.medication.product.atc","","","",0,1,"","","","Coding {[]} {[]}
","ATC (Anatomical Therapeutic Chemical Classification) für ausländische Produkte","ATC (Anatomical Therapeutic Chemical Classification) für ausländische Produkte","","","","","","","","","",,,,,"",,,,"EMSProtocol.anamnesis.medicationStatement.medication.product.atc",0,1,"",""
"EMSProtocol.anamnesis.medicationStatement.medication.product.freeText","EMSProtocol.anamnesis.medicationStatement.medication.product.freeText","","","",0,1,"","","","string {[]} {[]}
","Präparatenname","Präparatenname","","","","","","","","","",,,,,"",,,,"EMSProtocol.anamnesis.medicationStatement.medication.product.freeText",0,1,"",""
"EMSProtocol.anamnesis.medicationStatement.medication.ingredient","EMSProtocol.anamnesis.medicationStatement.medication.ingredient","","","",0,*,"","","","CodeableConcept {[]} {[]}
","Wirkstoff","Wirkstoff","","","","","","","","","",,"preferred","HL7.ch VS (SCT)","http://fhir.ch/ig/ch-term/ValueSet/ActivePharmaceuticalIngredient","",,,,"EMSProtocol.anamnesis.medicationStatement.medication.ingredient",0,*,"",""
"EMSProtocol.anamnesis.medicationStatement.dosePerUnit","EMSProtocol.anamnesis.medicationStatement.dosePerUnit","","","",0,1,"","","","Quantity {[]} {[]}
","Dosis pro Einheit","Dosis pro Einheit","","","","","","","","","",,,,,"",,,,"EMSProtocol.anamnesis.medicationStatement.dosePerUnit",0,1,"",""
"EMSProtocol.anamnesis.medicationStatement.dosage","EMSProtocol.anamnesis.medicationStatement.dosage","","","",0,1,"","","","BackboneElement {[]} {[]}
","Dosierung","Dosierung","","","","","","","","","",,,,,"",,,,"EMSProtocol.anamnesis.medicationStatement.dosage",0,1,"","ele-1:All FHIR elements must have a @value or children {hasValue() or (children().count() > id.count())}
"
"EMSProtocol.anamnesis.medicationStatement.dosage.id","EMSProtocol.anamnesis.medicationStatement.dosage.id","","","",0,1,"","","","string {[]} {[]}
","Unique id for inter-element referencing","Unique id for the element within a resource (for internal references). This may be any string value that does not contain spaces.","","","","","","","","","",,,,,"",,,,"Element.id",0,1,"",""
"EMSProtocol.anamnesis.medicationStatement.dosage.extension","EMSProtocol.anamnesis.medicationStatement.dosage.extension","","extensions
user content","",0,*,"","","","Extension {[]} {[]}
","Additional content defined by implementations","May be used to represent additional information that is not part of the basic definition of the element. To make the use of extensions safe and manageable, there is a strict set of governance  applied to the definition and use of extensions. Though any implementer can define an extension, there is a set of requirements that SHALL be met as part of the definition of the extension.","There can be no stigma associated with the use of extensions by any application, project, or standard - regardless of the institution or jurisdiction that uses or defines the extensions.  The use of extensions is what allows the FHIR specification to retain a core level of simplicity for everyone.","","","","","","","","",,,,,"","value:url}
","Extensions are always sliced by (at least) url",,"open","Element.extension",0,*,"","ele-1:All FHIR elements must have a @value or children {hasValue() or (children().count() > id.count())}
ext-1:Must have either extensions or value[x], not both {extension.exists() != value.exists()}"
"EMSProtocol.anamnesis.medicationStatement.dosage.modifierExtension","EMSProtocol.anamnesis.medicationStatement.dosage.modifierExtension","","extensions
user contentmodifiers","",0,*,"","Y","Y","Extension {[]} {[]}
","Extensions that cannot be ignored even if unrecognized","May be used to represent additional information that is not part of the basic definition of the element and that modifies the understanding of the element in which it is contained and/or the understanding of the containing element's descendants. Usually modifier elements provide negation or qualification. To make the use of extensions safe and manageable, there is a strict set of governance applied to the definition and use of extensions. Though any implementer can define an extension, there is a set of requirements that SHALL be met as part of the definition of the extension. Applications processing a resource are required to check for modifier extensions.

Modifier extensions SHALL NOT change the meaning of any elements on Resource or DomainResource (including cannot change the meaning of modifierExtension itself).","There can be no stigma associated with the use of extensions by any application, project, or standard - regardless of the institution or jurisdiction that uses or defines the extensions.  The use of extensions is what allows the FHIR specification to retain a core level of simplicity for everyone.","Modifier extensions allow for extensions that *cannot* be safely ignored to be clearly distinguished from the vast majority of extensions which can be safely ignored.  This promotes interoperability by eliminating the need for implementers to prohibit the presence of extensions. For further information, see the [definition of modifier extensions](http://hl7.org/fhir/R4/extensibility.html#modifierExtension).","","","","","","","",,,,,"",,,,"BackboneElement.modifierExtension",0,*,"","ele-1:All FHIR elements must have a @value or children {hasValue() or (children().count() > id.count())}
ext-1:Must have either extensions or value[x], not both {extension.exists() != value.exists()}"
"EMSProtocol.anamnesis.medicationStatement.dosage.scheme","EMSProtocol.anamnesis.medicationStatement.dosage.scheme","","","",0,1,"","","","string {[]} {[]}
","1-1-1-1 Schema","1-1-1-1 Schema","","","","","","","","","",,,,,"",,,,"EMSProtocol.anamnesis.medicationStatement.dosage.scheme",0,1,"",""
"EMSProtocol.anamnesis.medicationStatement.dosage.freeText","EMSProtocol.anamnesis.medicationStatement.dosage.freeText","","","",0,1,"","","","string {[]} {[]}
","Freitext Instruktion","Freitext Instruktion","","","","","","","","","",,,,,"",,,,"EMSProtocol.anamnesis.medicationStatement.dosage.freeText",0,1,"",""
"EMSProtocol.anamnesis.medicationStatement.asNeeded","EMSProtocol.anamnesis.medicationStatement.asNeeded","","","",0,1,"","","","boolean {[]} {[]}
","Reservemedikation","Reservemedikation","","","","","","","","","",,,,,"",,,,"EMSProtocol.anamnesis.medicationStatement.asNeeded",0,1,"",""
"EMSProtocol.anamnesis.medicationStatement.reason","EMSProtocol.anamnesis.medicationStatement.reason","","","",0,1,"","","","string {[]} {[]}
","Behandlungsgrund","Behandlungsgrund","","","","","","","","","",,,,,"",,,,"EMSProtocol.anamnesis.medicationStatement.reason",0,1,"",""
"EMSProtocol.findings","EMSProtocol.findings","","","",0,1,"","","","BackboneElement {[]} {[]}
","Befund","Befund","","","","","","","","","",,,,,"",,,,"EMSProtocol.findings",0,1,"","ele-1:All FHIR elements must have a @value or children {hasValue() or (children().count() > id.count())}
"
"EMSProtocol.findings.id","EMSProtocol.findings.id","","","",0,1,"","","","string {[]} {[]}
","Unique id for inter-element referencing","Unique id for the element within a resource (for internal references). This may be any string value that does not contain spaces.","","","","","","","","","",,,,,"",,,,"Element.id",0,1,"",""
"EMSProtocol.findings.extension","EMSProtocol.findings.extension","","extensions
user content","",0,*,"","","","Extension {[]} {[]}
","Additional content defined by implementations","May be used to represent additional information that is not part of the basic definition of the element. To make the use of extensions safe and manageable, there is a strict set of governance  applied to the definition and use of extensions. Though any implementer can define an extension, there is a set of requirements that SHALL be met as part of the definition of the extension.","There can be no stigma associated with the use of extensions by any application, project, or standard - regardless of the institution or jurisdiction that uses or defines the extensions.  The use of extensions is what allows the FHIR specification to retain a core level of simplicity for everyone.","","","","","","","","",,,,,"","value:url}
","Extensions are always sliced by (at least) url",,"open","Element.extension",0,*,"","ele-1:All FHIR elements must have a @value or children {hasValue() or (children().count() > id.count())}
ext-1:Must have either extensions or value[x], not both {extension.exists() != value.exists()}"
"EMSProtocol.findings.modifierExtension","EMSProtocol.findings.modifierExtension","","extensions
user contentmodifiers","",0,*,"","Y","Y","Extension {[]} {[]}
","Extensions that cannot be ignored even if unrecognized","May be used to represent additional information that is not part of the basic definition of the element and that modifies the understanding of the element in which it is contained and/or the understanding of the containing element's descendants. Usually modifier elements provide negation or qualification. To make the use of extensions safe and manageable, there is a strict set of governance applied to the definition and use of extensions. Though any implementer can define an extension, there is a set of requirements that SHALL be met as part of the definition of the extension. Applications processing a resource are required to check for modifier extensions.

Modifier extensions SHALL NOT change the meaning of any elements on Resource or DomainResource (including cannot change the meaning of modifierExtension itself).","There can be no stigma associated with the use of extensions by any application, project, or standard - regardless of the institution or jurisdiction that uses or defines the extensions.  The use of extensions is what allows the FHIR specification to retain a core level of simplicity for everyone.","Modifier extensions allow for extensions that *cannot* be safely ignored to be clearly distinguished from the vast majority of extensions which can be safely ignored.  This promotes interoperability by eliminating the need for implementers to prohibit the presence of extensions. For further information, see the [definition of modifier extensions](http://hl7.org/fhir/R4/extensibility.html#modifierExtension).","","","","","","","",,,,,"",,,,"BackboneElement.modifierExtension",0,*,"","ele-1:All FHIR elements must have a @value or children {hasValue() or (children().count() > id.count())}
ext-1:Must have either extensions or value[x], not both {extension.exists() != value.exists()}"
"EMSProtocol.findings.time","EMSProtocol.findings.time","","","",0,1,"","","","dateTime {[]} {[]}
","Zeitpunkt","Zeitpunkt","","","","","","","","","",,,,,"",,,,"EMSProtocol.findings.time",0,1,"",""
"EMSProtocol.findings.airway","EMSProtocol.findings.airway","","","",0,1,"","","","BackboneElement {[]} {[]}
","A: Atemwege","A: Atemwege","","","","","","","","","",,,,,"",,,,"EMSProtocol.findings.airway",0,1,"","ele-1:All FHIR elements must have a @value or children {hasValue() or (children().count() > id.count())}
"
"EMSProtocol.findings.airway.id","EMSProtocol.findings.airway.id","","","",0,1,"","","","string {[]} {[]}
","Unique id for inter-element referencing","Unique id for the element within a resource (for internal references). This may be any string value that does not contain spaces.","","","","","","","","","",,,,,"",,,,"Element.id",0,1,"",""
"EMSProtocol.findings.airway.extension","EMSProtocol.findings.airway.extension","","extensions
user content","",0,*,"","","","Extension {[]} {[]}
","Additional content defined by implementations","May be used to represent additional information that is not part of the basic definition of the element. To make the use of extensions safe and manageable, there is a strict set of governance  applied to the definition and use of extensions. Though any implementer can define an extension, there is a set of requirements that SHALL be met as part of the definition of the extension.","There can be no stigma associated with the use of extensions by any application, project, or standard - regardless of the institution or jurisdiction that uses or defines the extensions.  The use of extensions is what allows the FHIR specification to retain a core level of simplicity for everyone.","","","","","","","","",,,,,"","value:url}
","Extensions are always sliced by (at least) url",,"open","Element.extension",0,*,"","ele-1:All FHIR elements must have a @value or children {hasValue() or (children().count() > id.count())}
ext-1:Must have either extensions or value[x], not both {extension.exists() != value.exists()}"
"EMSProtocol.findings.airway.modifierExtension","EMSProtocol.findings.airway.modifierExtension","","extensions
user contentmodifiers","",0,*,"","Y","Y","Extension {[]} {[]}
","Extensions that cannot be ignored even if unrecognized","May be used to represent additional information that is not part of the basic definition of the element and that modifies the understanding of the element in which it is contained and/or the understanding of the containing element's descendants. Usually modifier elements provide negation or qualification. To make the use of extensions safe and manageable, there is a strict set of governance applied to the definition and use of extensions. Though any implementer can define an extension, there is a set of requirements that SHALL be met as part of the definition of the extension. Applications processing a resource are required to check for modifier extensions.

Modifier extensions SHALL NOT change the meaning of any elements on Resource or DomainResource (including cannot change the meaning of modifierExtension itself).","There can be no stigma associated with the use of extensions by any application, project, or standard - regardless of the institution or jurisdiction that uses or defines the extensions.  The use of extensions is what allows the FHIR specification to retain a core level of simplicity for everyone.","Modifier extensions allow for extensions that *cannot* be safely ignored to be clearly distinguished from the vast majority of extensions which can be safely ignored.  This promotes interoperability by eliminating the need for implementers to prohibit the presence of extensions. For further information, see the [definition of modifier extensions](http://hl7.org/fhir/R4/extensibility.html#modifierExtension).","","","","","","","",,,,,"",,,,"BackboneElement.modifierExtension",0,*,"","ele-1:All FHIR elements must have a @value or children {hasValue() or (children().count() > id.count())}
ext-1:Must have either extensions or value[x], not both {extension.exists() != value.exists()}"
"EMSProtocol.findings.airway.respiratoryStatus","EMSProtocol.findings.airway.respiratoryStatus","","","",0,1,"","","","CodeableConcept {[]} {[]}
","Zustand der Atemwege","Zustand der Atemwege","","","","","","","","","",,"extensible","IVR VS (SCT)","http://fhir.ch/ig/ch-ems/ValueSet/IVR-VS-findingsAirway","",,,,"EMSProtocol.findings.airway.respiratoryStatus",0,1,"",""
"EMSProtocol.findings.breathing","EMSProtocol.findings.breathing","","","",0,1,"","","","BackboneElement {[]} {[]}
","B: Atmung","B: Atmung","","","","","","","","","",,,,,"",,,,"EMSProtocol.findings.breathing",0,1,"","ele-1:All FHIR elements must have a @value or children {hasValue() or (children().count() > id.count())}
"
"EMSProtocol.findings.breathing.id","EMSProtocol.findings.breathing.id","","","",0,1,"","","","string {[]} {[]}
","Unique id for inter-element referencing","Unique id for the element within a resource (for internal references). This may be any string value that does not contain spaces.","","","","","","","","","",,,,,"",,,,"Element.id",0,1,"",""
"EMSProtocol.findings.breathing.extension","EMSProtocol.findings.breathing.extension","","extensions
user content","",0,*,"","","","Extension {[]} {[]}
","Additional content defined by implementations","May be used to represent additional information that is not part of the basic definition of the element. To make the use of extensions safe and manageable, there is a strict set of governance  applied to the definition and use of extensions. Though any implementer can define an extension, there is a set of requirements that SHALL be met as part of the definition of the extension.","There can be no stigma associated with the use of extensions by any application, project, or standard - regardless of the institution or jurisdiction that uses or defines the extensions.  The use of extensions is what allows the FHIR specification to retain a core level of simplicity for everyone.","","","","","","","","",,,,,"","value:url}
","Extensions are always sliced by (at least) url",,"open","Element.extension",0,*,"","ele-1:All FHIR elements must have a @value or children {hasValue() or (children().count() > id.count())}
ext-1:Must have either extensions or value[x], not both {extension.exists() != value.exists()}"
"EMSProtocol.findings.breathing.modifierExtension","EMSProtocol.findings.breathing.modifierExtension","","extensions
user contentmodifiers","",0,*,"","Y","Y","Extension {[]} {[]}
","Extensions that cannot be ignored even if unrecognized","May be used to represent additional information that is not part of the basic definition of the element and that modifies the understanding of the element in which it is contained and/or the understanding of the containing element's descendants. Usually modifier elements provide negation or qualification. To make the use of extensions safe and manageable, there is a strict set of governance applied to the definition and use of extensions. Though any implementer can define an extension, there is a set of requirements that SHALL be met as part of the definition of the extension. Applications processing a resource are required to check for modifier extensions.

Modifier extensions SHALL NOT change the meaning of any elements on Resource or DomainResource (including cannot change the meaning of modifierExtension itself).","There can be no stigma associated with the use of extensions by any application, project, or standard - regardless of the institution or jurisdiction that uses or defines the extensions.  The use of extensions is what allows the FHIR specification to retain a core level of simplicity for everyone.","Modifier extensions allow for extensions that *cannot* be safely ignored to be clearly distinguished from the vast majority of extensions which can be safely ignored.  This promotes interoperability by eliminating the need for implementers to prohibit the presence of extensions. For further information, see the [definition of modifier extensions](http://hl7.org/fhir/R4/extensibility.html#modifierExtension).","","","","","","","",,,,,"",,,,"BackboneElement.modifierExtension",0,*,"","ele-1:All FHIR elements must have a @value or children {hasValue() or (children().count() > id.count())}
ext-1:Must have either extensions or value[x], not both {extension.exists() != value.exists()}"
"EMSProtocol.findings.breathing.respiratoryFunction","EMSProtocol.findings.breathing.respiratoryFunction","","","",0,1,"","","","CodeableConcept {[]} {[]}
","Zustand der Atmung","Zustand der Atmung","","","","","","","","","",,"extensible","IVR VS (SCT & IVR)","http://fhir.ch/ig/ch-ems/ValueSet/IVR-VS-respirationObservation","",,,,"EMSProtocol.findings.breathing.respiratoryFunction",0,1,"",""
"EMSProtocol.findings.circulation","EMSProtocol.findings.circulation","","","",0,1,"","","","BackboneElement {[]} {[]}
","C: Kreislauf","C: Kreislauf","","","","","","","","","",,,,,"",,,,"EMSProtocol.findings.circulation",0,1,"","ele-1:All FHIR elements must have a @value or children {hasValue() or (children().count() > id.count())}
"
"EMSProtocol.findings.circulation.id","EMSProtocol.findings.circulation.id","","","",0,1,"","","","string {[]} {[]}
","Unique id for inter-element referencing","Unique id for the element within a resource (for internal references). This may be any string value that does not contain spaces.","","","","","","","","","",,,,,"",,,,"Element.id",0,1,"",""
"EMSProtocol.findings.circulation.extension","EMSProtocol.findings.circulation.extension","","extensions
user content","",0,*,"","","","Extension {[]} {[]}
","Additional content defined by implementations","May be used to represent additional information that is not part of the basic definition of the element. To make the use of extensions safe and manageable, there is a strict set of governance  applied to the definition and use of extensions. Though any implementer can define an extension, there is a set of requirements that SHALL be met as part of the definition of the extension.","There can be no stigma associated with the use of extensions by any application, project, or standard - regardless of the institution or jurisdiction that uses or defines the extensions.  The use of extensions is what allows the FHIR specification to retain a core level of simplicity for everyone.","","","","","","","","",,,,,"","value:url}
","Extensions are always sliced by (at least) url",,"open","Element.extension",0,*,"","ele-1:All FHIR elements must have a @value or children {hasValue() or (children().count() > id.count())}
ext-1:Must have either extensions or value[x], not both {extension.exists() != value.exists()}"
"EMSProtocol.findings.circulation.modifierExtension","EMSProtocol.findings.circulation.modifierExtension","","extensions
user contentmodifiers","",0,*,"","Y","Y","Extension {[]} {[]}
","Extensions that cannot be ignored even if unrecognized","May be used to represent additional information that is not part of the basic definition of the element and that modifies the understanding of the element in which it is contained and/or the understanding of the containing element's descendants. Usually modifier elements provide negation or qualification. To make the use of extensions safe and manageable, there is a strict set of governance applied to the definition and use of extensions. Though any implementer can define an extension, there is a set of requirements that SHALL be met as part of the definition of the extension. Applications processing a resource are required to check for modifier extensions.

Modifier extensions SHALL NOT change the meaning of any elements on Resource or DomainResource (including cannot change the meaning of modifierExtension itself).","There can be no stigma associated with the use of extensions by any application, project, or standard - regardless of the institution or jurisdiction that uses or defines the extensions.  The use of extensions is what allows the FHIR specification to retain a core level of simplicity for everyone.","Modifier extensions allow for extensions that *cannot* be safely ignored to be clearly distinguished from the vast majority of extensions which can be safely ignored.  This promotes interoperability by eliminating the need for implementers to prohibit the presence of extensions. For further information, see the [definition of modifier extensions](http://hl7.org/fhir/R4/extensibility.html#modifierExtension).","","","","","","","",,,,,"",,,,"BackboneElement.modifierExtension",0,*,"","ele-1:All FHIR elements must have a @value or children {hasValue() or (children().count() > id.count())}
ext-1:Must have either extensions or value[x], not both {extension.exists() != value.exists()}"
"EMSProtocol.findings.circulation.cardiacArrest","EMSProtocol.findings.circulation.cardiacArrest","","","",0,1,"","","","boolean {[]} {[]}
","Herz-Kreislauf Stillstand","Herz-Kreislauf Stillstand","","","","","","","","","",,,,,"",,,,"EMSProtocol.findings.circulation.cardiacArrest",0,1,"",""
"EMSProtocol.findings.circulation.heartRate","EMSProtocol.findings.circulation.heartRate","","","",0,1,"","","","BackboneElement {[]} {[]}
","Herzfrequenz","Herzfrequenz","","","","","","","","","",,,,,"",,,,"EMSProtocol.findings.circulation.heartRate",0,1,"","ele-1:All FHIR elements must have a @value or children {hasValue() or (children().count() > id.count())}
"
"EMSProtocol.findings.circulation.heartRate.id","EMSProtocol.findings.circulation.heartRate.id","","","",0,1,"","","","string {[]} {[]}
","Unique id for inter-element referencing","Unique id for the element within a resource (for internal references). This may be any string value that does not contain spaces.","","","","","","","","","",,,,,"",,,,"Element.id",0,1,"",""
"EMSProtocol.findings.circulation.heartRate.extension","EMSProtocol.findings.circulation.heartRate.extension","","extensions
user content","",0,*,"","","","Extension {[]} {[]}
","Additional content defined by implementations","May be used to represent additional information that is not part of the basic definition of the element. To make the use of extensions safe and manageable, there is a strict set of governance  applied to the definition and use of extensions. Though any implementer can define an extension, there is a set of requirements that SHALL be met as part of the definition of the extension.","There can be no stigma associated with the use of extensions by any application, project, or standard - regardless of the institution or jurisdiction that uses or defines the extensions.  The use of extensions is what allows the FHIR specification to retain a core level of simplicity for everyone.","","","","","","","","",,,,,"","value:url}
","Extensions are always sliced by (at least) url",,"open","Element.extension",0,*,"","ele-1:All FHIR elements must have a @value or children {hasValue() or (children().count() > id.count())}
ext-1:Must have either extensions or value[x], not both {extension.exists() != value.exists()}"
"EMSProtocol.findings.circulation.heartRate.modifierExtension","EMSProtocol.findings.circulation.heartRate.modifierExtension","","extensions
user contentmodifiers","",0,*,"","Y","Y","Extension {[]} {[]}
","Extensions that cannot be ignored even if unrecognized","May be used to represent additional information that is not part of the basic definition of the element and that modifies the understanding of the element in which it is contained and/or the understanding of the containing element's descendants. Usually modifier elements provide negation or qualification. To make the use of extensions safe and manageable, there is a strict set of governance applied to the definition and use of extensions. Though any implementer can define an extension, there is a set of requirements that SHALL be met as part of the definition of the extension. Applications processing a resource are required to check for modifier extensions.

Modifier extensions SHALL NOT change the meaning of any elements on Resource or DomainResource (including cannot change the meaning of modifierExtension itself).","There can be no stigma associated with the use of extensions by any application, project, or standard - regardless of the institution or jurisdiction that uses or defines the extensions.  The use of extensions is what allows the FHIR specification to retain a core level of simplicity for everyone.","Modifier extensions allow for extensions that *cannot* be safely ignored to be clearly distinguished from the vast majority of extensions which can be safely ignored.  This promotes interoperability by eliminating the need for implementers to prohibit the presence of extensions. For further information, see the [definition of modifier extensions](http://hl7.org/fhir/R4/extensibility.html#modifierExtension).","","","","","","","",,,,,"",,,,"BackboneElement.modifierExtension",0,*,"","ele-1:All FHIR elements must have a @value or children {hasValue() or (children().count() > id.count())}
ext-1:Must have either extensions or value[x], not both {extension.exists() != value.exists()}"
"EMSProtocol.findings.circulation.heartRate.rate","EMSProtocol.findings.circulation.heartRate.rate","","","",0,1,"","","","Quantity {[]} {[]}
","Anzahl Herzschläge pro Minute","Anzahl Herzschläge pro Minute","","","","","","","","","",,,,,"",,,,"EMSProtocol.findings.circulation.heartRate.rate",0,1,"",""
"EMSProtocol.findings.circulation.heartRate.arrhythmia","EMSProtocol.findings.circulation.heartRate.arrhythmia","","","",0,1,"","","","CodeableConcept {[]} {[]}
","Arrhythmie","Arrhythmie","","","","","","","","","",,"extensible","IVR VS (SCT)","http://fhir.ch/ig/ch-ems/ValueSet/IVR-VS-pulesResult","",,,,"EMSProtocol.findings.circulation.heartRate.arrhythmia",0,1,"",""
"EMSProtocol.findings.circulation.heartRate.intensity","EMSProtocol.findings.circulation.heartRate.intensity","","","",0,1,"","","","CodeableConcept {[]} {[]}
","Intensität","Intensität","","","","","","","","","",,"extensible","IVR VS (SCT & IVR)","http://fhir.ch/ig/ch-ems/ValueSet/IVR-VS-intensity","",,,,"EMSProtocol.findings.circulation.heartRate.intensity",0,1,"",""
"EMSProtocol.findings.circulation.heartRate.measurementMethod","EMSProtocol.findings.circulation.heartRate.measurementMethod","","","",0,1,"","","","CodeableConcept {[]} {[]}
","Messmethode","Messmethode","","","","","","","","","",,"extensible","IVR VS (SCT & IVR)","http://fhir.ch/ig/ch-ems/ValueSet/IVR-VS-pulseMethod","",,,,"EMSProtocol.findings.circulation.heartRate.measurementMethod",0,1,"",""
"EMSProtocol.findings.circulation.bloodPressure","EMSProtocol.findings.circulation.bloodPressure","","","",0,1,"","","","BackboneElement {[]} {[]}
","Blutdruck","Blutdruck","","","","","","","","","",,,,,"",,,,"EMSProtocol.findings.circulation.bloodPressure",0,1,"","ele-1:All FHIR elements must have a @value or children {hasValue() or (children().count() > id.count())}
"
"EMSProtocol.findings.circulation.bloodPressure.id","EMSProtocol.findings.circulation.bloodPressure.id","","","",0,1,"","","","string {[]} {[]}
","Unique id for inter-element referencing","Unique id for the element within a resource (for internal references). This may be any string value that does not contain spaces.","","","","","","","","","",,,,,"",,,,"Element.id",0,1,"",""
"EMSProtocol.findings.circulation.bloodPressure.extension","EMSProtocol.findings.circulation.bloodPressure.extension","","extensions
user content","",0,*,"","","","Extension {[]} {[]}
","Additional content defined by implementations","May be used to represent additional information that is not part of the basic definition of the element. To make the use of extensions safe and manageable, there is a strict set of governance  applied to the definition and use of extensions. Though any implementer can define an extension, there is a set of requirements that SHALL be met as part of the definition of the extension.","There can be no stigma associated with the use of extensions by any application, project, or standard - regardless of the institution or jurisdiction that uses or defines the extensions.  The use of extensions is what allows the FHIR specification to retain a core level of simplicity for everyone.","","","","","","","","",,,,,"","value:url}
","Extensions are always sliced by (at least) url",,"open","Element.extension",0,*,"","ele-1:All FHIR elements must have a @value or children {hasValue() or (children().count() > id.count())}
ext-1:Must have either extensions or value[x], not both {extension.exists() != value.exists()}"
"EMSProtocol.findings.circulation.bloodPressure.modifierExtension","EMSProtocol.findings.circulation.bloodPressure.modifierExtension","","extensions
user contentmodifiers","",0,*,"","Y","Y","Extension {[]} {[]}
","Extensions that cannot be ignored even if unrecognized","May be used to represent additional information that is not part of the basic definition of the element and that modifies the understanding of the element in which it is contained and/or the understanding of the containing element's descendants. Usually modifier elements provide negation or qualification. To make the use of extensions safe and manageable, there is a strict set of governance applied to the definition and use of extensions. Though any implementer can define an extension, there is a set of requirements that SHALL be met as part of the definition of the extension. Applications processing a resource are required to check for modifier extensions.

Modifier extensions SHALL NOT change the meaning of any elements on Resource or DomainResource (including cannot change the meaning of modifierExtension itself).","There can be no stigma associated with the use of extensions by any application, project, or standard - regardless of the institution or jurisdiction that uses or defines the extensions.  The use of extensions is what allows the FHIR specification to retain a core level of simplicity for everyone.","Modifier extensions allow for extensions that *cannot* be safely ignored to be clearly distinguished from the vast majority of extensions which can be safely ignored.  This promotes interoperability by eliminating the need for implementers to prohibit the presence of extensions. For further information, see the [definition of modifier extensions](http://hl7.org/fhir/R4/extensibility.html#modifierExtension).","","","","","","","",,,,,"",,,,"BackboneElement.modifierExtension",0,*,"","ele-1:All FHIR elements must have a @value or children {hasValue() or (children().count() > id.count())}
ext-1:Must have either extensions or value[x], not both {extension.exists() != value.exists()}"
"EMSProtocol.findings.circulation.bloodPressure.systolic","EMSProtocol.findings.circulation.bloodPressure.systolic","","","",0,1,"","","","Quantity {[]} {[]}
","Systolischer Blutdruck","Systolischer Blutdruck","","","","","","","","","",,,,,"",,,,"EMSProtocol.findings.circulation.bloodPressure.systolic",0,1,"",""
"EMSProtocol.findings.circulation.bloodPressure.diastolic","EMSProtocol.findings.circulation.bloodPressure.diastolic","","","",0,1,"","","","Quantity {[]} {[]}
","Diastolischer Blutdruck","Diastolischer Blutdruck","","","","","","","","","",,,,,"",,,,"EMSProtocol.findings.circulation.bloodPressure.diastolic",0,1,"",""
"EMSProtocol.findings.circulation.bloodPressure.measurementMethod","EMSProtocol.findings.circulation.bloodPressure.measurementMethod","","","",0,1,"","","","CodeableConcept {[]} {[]}
","Messmethode","Messmethode","","","","","","","","","",,"extensible","IVR VS (SCT)","http://fhir.ch/ig/ch-ems/ValueSet/IVR-VS-pressureMethod","",,,,"EMSProtocol.findings.circulation.bloodPressure.measurementMethod",0,1,"","ele-1:All FHIR elements must have a @value or children {hasValue() or (children().count() > id.count())}
"
"EMSProtocol.findings.circulation.bloodPressure.measurementMethod.id","EMSProtocol.findings.circulation.bloodPressure.measurementMethod.id","","","",0,1,"","","","string {[]} {[]}
","Unique id for inter-element referencing","Unique id for the element within a resource (for internal references). This may be any string value that does not contain spaces.","","","","","","","","","",,,,,"",,,,"Element.id",0,1,"",""
"EMSProtocol.findings.circulation.bloodPressure.measurementMethod.extension","EMSProtocol.findings.circulation.bloodPressure.measurementMethod.extension","","extensions
user content","",0,*,"","","","Extension {[]} {[]}
","Additional content defined by implementations","May be used to represent additional information that is not part of the basic definition of the element. To make the use of extensions safe and manageable, there is a strict set of governance  applied to the definition and use of extensions. Though any implementer can define an extension, there is a set of requirements that SHALL be met as part of the definition of the extension.","There can be no stigma associated with the use of extensions by any application, project, or standard - regardless of the institution or jurisdiction that uses or defines the extensions.  The use of extensions is what allows the FHIR specification to retain a core level of simplicity for everyone.","","","","","","","","",,,,,"","value:url}
","Extensions are always sliced by (at least) url",,"open","Element.extension",0,*,"","ele-1:All FHIR elements must have a @value or children {hasValue() or (children().count() > id.count())}
ext-1:Must have either extensions or value[x], not both {extension.exists() != value.exists()}"
"EMSProtocol.findings.circulation.bloodPressure.measurementMethod.coding","EMSProtocol.findings.circulation.bloodPressure.measurementMethod.coding","","","",0,*,"","","Y","Coding {[]} {[]}
","Code defined by a terminology system","A reference to a code defined by a terminology system.","Codes may be defined very casually in enumerations, or code lists, up to very formal definitions such as SNOMED CT - see the HL7 v3 Core Principles for more information.  Ordering of codings is undefined and SHALL NOT be used to infer meaning. Generally, at most only one of the coding values will be labeled as UserSelected = true.","Allows for alternative encodings within a code system, and translations to other code systems.","","","","","","","",,,,,"",,,,"CodeableConcept.coding",0,*,"","ele-1:All FHIR elements must have a @value or children {hasValue() or (children().count() > id.count())}
"
"EMSProtocol.findings.circulation.bloodPressure.measurementMethod.text","EMSProtocol.findings.circulation.bloodPressure.measurementMethod.text","","","",0,1,"","","Y","string {[]} {[]}
","Plain text representation of the concept","A human language representation of the concept as seen/selected/uttered by the user who entered the data and/or which represents the intended meaning of the user.","Very often the text is the same as a displayName of one of the codings.","The codes from the terminologies do not always capture the correct meaning with all the nuances of the human using them, or sometimes there is no appropriate code at all. In these cases, the text is used to capture the full meaning of the source.","","","","","","","",,,,,"",,,,"CodeableConcept.text",0,1,"","ele-1:All FHIR elements must have a @value or children {hasValue() or (children().count() > id.count())}
"
"EMSProtocol.findings.circulation.bloodPressure.measurementMethod.bodySite","EMSProtocol.findings.circulation.bloodPressure.measurementMethod.bodySite","","","",0,1,"","","","CodeableConcept {[]} {[]}
","Körperstelle","Körperstelle","","","","","","","","","",,"example","HL7 VS (SCT)","http://hl7.org/fhir/ValueSet/body-site","",,,,"EMSProtocol.findings.circulation.bloodPressure.measurementMethod.bodySite",0,1,"",""
"EMSProtocol.findings.disability","EMSProtocol.findings.disability","","","",0,1,"","","","BackboneElement {[]} {[]}
","D: Defizit, neurologisches","D: Defizit, neurologisches","","","","","","","","","",,,,,"",,,,"EMSProtocol.findings.disability",0,1,"","ele-1:All FHIR elements must have a @value or children {hasValue() or (children().count() > id.count())}
"
"EMSProtocol.findings.disability.id","EMSProtocol.findings.disability.id","","","",0,1,"","","","string {[]} {[]}
","Unique id for inter-element referencing","Unique id for the element within a resource (for internal references). This may be any string value that does not contain spaces.","","","","","","","","","",,,,,"",,,,"Element.id",0,1,"",""
"EMSProtocol.findings.disability.extension","EMSProtocol.findings.disability.extension","","extensions
user content","",0,*,"","","","Extension {[]} {[]}
","Additional content defined by implementations","May be used to represent additional information that is not part of the basic definition of the element. To make the use of extensions safe and manageable, there is a strict set of governance  applied to the definition and use of extensions. Though any implementer can define an extension, there is a set of requirements that SHALL be met as part of the definition of the extension.","There can be no stigma associated with the use of extensions by any application, project, or standard - regardless of the institution or jurisdiction that uses or defines the extensions.  The use of extensions is what allows the FHIR specification to retain a core level of simplicity for everyone.","","","","","","","","",,,,,"","value:url}
","Extensions are always sliced by (at least) url",,"open","Element.extension",0,*,"","ele-1:All FHIR elements must have a @value or children {hasValue() or (children().count() > id.count())}
ext-1:Must have either extensions or value[x], not both {extension.exists() != value.exists()}"
"EMSProtocol.findings.disability.modifierExtension","EMSProtocol.findings.disability.modifierExtension","","extensions
user contentmodifiers","",0,*,"","Y","Y","Extension {[]} {[]}
","Extensions that cannot be ignored even if unrecognized","May be used to represent additional information that is not part of the basic definition of the element and that modifies the understanding of the element in which it is contained and/or the understanding of the containing element's descendants. Usually modifier elements provide negation or qualification. To make the use of extensions safe and manageable, there is a strict set of governance applied to the definition and use of extensions. Though any implementer can define an extension, there is a set of requirements that SHALL be met as part of the definition of the extension. Applications processing a resource are required to check for modifier extensions.

Modifier extensions SHALL NOT change the meaning of any elements on Resource or DomainResource (including cannot change the meaning of modifierExtension itself).","There can be no stigma associated with the use of extensions by any application, project, or standard - regardless of the institution or jurisdiction that uses or defines the extensions.  The use of extensions is what allows the FHIR specification to retain a core level of simplicity for everyone.","Modifier extensions allow for extensions that *cannot* be safely ignored to be clearly distinguished from the vast majority of extensions which can be safely ignored.  This promotes interoperability by eliminating the need for implementers to prohibit the presence of extensions. For further information, see the [definition of modifier extensions](http://hl7.org/fhir/R4/extensibility.html#modifierExtension).","","","","","","","",,,,,"",,,,"BackboneElement.modifierExtension",0,*,"","ele-1:All FHIR elements must have a @value or children {hasValue() or (children().count() > id.count())}
ext-1:Must have either extensions or value[x], not both {extension.exists() != value.exists()}"
"EMSProtocol.findings.disability.gcs","EMSProtocol.findings.disability.gcs","","","",0,1,"","","","BackboneElement {[]} {[]}
","Glasgow Coma Scale (GCS)","Glasgow Coma Scale (GCS)","","","","","","","","","",,,,,"",,,,"EMSProtocol.findings.disability.gcs",0,1,"","ele-1:All FHIR elements must have a @value or children {hasValue() or (children().count() > id.count())}
"
"EMSProtocol.findings.disability.gcs.id","EMSProtocol.findings.disability.gcs.id","","","",0,1,"","","","string {[]} {[]}
","Unique id for inter-element referencing","Unique id for the element within a resource (for internal references). This may be any string value that does not contain spaces.","","","","","","","","","",,,,,"",,,,"Element.id",0,1,"",""
"EMSProtocol.findings.disability.gcs.extension","EMSProtocol.findings.disability.gcs.extension","","extensions
user content","",0,*,"","","","Extension {[]} {[]}
","Additional content defined by implementations","May be used to represent additional information that is not part of the basic definition of the element. To make the use of extensions safe and manageable, there is a strict set of governance  applied to the definition and use of extensions. Though any implementer can define an extension, there is a set of requirements that SHALL be met as part of the definition of the extension.","There can be no stigma associated with the use of extensions by any application, project, or standard - regardless of the institution or jurisdiction that uses or defines the extensions.  The use of extensions is what allows the FHIR specification to retain a core level of simplicity for everyone.","","","","","","","","",,,,,"","value:url}
","Extensions are always sliced by (at least) url",,"open","Element.extension",0,*,"","ele-1:All FHIR elements must have a @value or children {hasValue() or (children().count() > id.count())}
ext-1:Must have either extensions or value[x], not both {extension.exists() != value.exists()}"
"EMSProtocol.findings.disability.gcs.modifierExtension","EMSProtocol.findings.disability.gcs.modifierExtension","","extensions
user contentmodifiers","",0,*,"","Y","Y","Extension {[]} {[]}
","Extensions that cannot be ignored even if unrecognized","May be used to represent additional information that is not part of the basic definition of the element and that modifies the understanding of the element in which it is contained and/or the understanding of the containing element's descendants. Usually modifier elements provide negation or qualification. To make the use of extensions safe and manageable, there is a strict set of governance applied to the definition and use of extensions. Though any implementer can define an extension, there is a set of requirements that SHALL be met as part of the definition of the extension. Applications processing a resource are required to check for modifier extensions.

Modifier extensions SHALL NOT change the meaning of any elements on Resource or DomainResource (including cannot change the meaning of modifierExtension itself).","There can be no stigma associated with the use of extensions by any application, project, or standard - regardless of the institution or jurisdiction that uses or defines the extensions.  The use of extensions is what allows the FHIR specification to retain a core level of simplicity for everyone.","Modifier extensions allow for extensions that *cannot* be safely ignored to be clearly distinguished from the vast majority of extensions which can be safely ignored.  This promotes interoperability by eliminating the need for implementers to prohibit the presence of extensions. For further information, see the [definition of modifier extensions](http://hl7.org/fhir/R4/extensibility.html#modifierExtension).","","","","","","","",,,,,"",,,,"BackboneElement.modifierExtension",0,*,"","ele-1:All FHIR elements must have a @value or children {hasValue() or (children().count() > id.count())}
ext-1:Must have either extensions or value[x], not both {extension.exists() != value.exists()}"
"EMSProtocol.findings.disability.gcs.total","EMSProtocol.findings.disability.gcs.total","","","",0,1,"","","","integer {[]} {[]}
","Gesamtscore","Gesamtscore","","","","","","","","","",,,,,"",,,,"EMSProtocol.findings.disability.gcs.total",0,1,"",""
"EMSProtocol.findings.disability.gcs.eyeOpening","EMSProtocol.findings.disability.gcs.eyeOpening","","","",0,1,"","","","BackboneElement {[]} {[]}
","Augenöffnung","Augenöffnung","","","","","","","","","",,,,,"",,,,"EMSProtocol.findings.disability.gcs.eyeOpening",0,1,"","ele-1:All FHIR elements must have a @value or children {hasValue() or (children().count() > id.count())}
"
"EMSProtocol.findings.disability.gcs.eyeOpening.id","EMSProtocol.findings.disability.gcs.eyeOpening.id","","","",0,1,"","","","string {[]} {[]}
","Unique id for inter-element referencing","Unique id for the element within a resource (for internal references). This may be any string value that does not contain spaces.","","","","","","","","","",,,,,"",,,,"Element.id",0,1,"",""
"EMSProtocol.findings.disability.gcs.eyeOpening.extension","EMSProtocol.findings.disability.gcs.eyeOpening.extension","","extensions
user content","",0,*,"","","","Extension {[]} {[]}
","Additional content defined by implementations","May be used to represent additional information that is not part of the basic definition of the element. To make the use of extensions safe and manageable, there is a strict set of governance  applied to the definition and use of extensions. Though any implementer can define an extension, there is a set of requirements that SHALL be met as part of the definition of the extension.","There can be no stigma associated with the use of extensions by any application, project, or standard - regardless of the institution or jurisdiction that uses or defines the extensions.  The use of extensions is what allows the FHIR specification to retain a core level of simplicity for everyone.","","","","","","","","",,,,,"","value:url}
","Extensions are always sliced by (at least) url",,"open","Element.extension",0,*,"","ele-1:All FHIR elements must have a @value or children {hasValue() or (children().count() > id.count())}
ext-1:Must have either extensions or value[x], not both {extension.exists() != value.exists()}"
"EMSProtocol.findings.disability.gcs.eyeOpening.modifierExtension","EMSProtocol.findings.disability.gcs.eyeOpening.modifierExtension","","extensions
user contentmodifiers","",0,*,"","Y","Y","Extension {[]} {[]}
","Extensions that cannot be ignored even if unrecognized","May be used to represent additional information that is not part of the basic definition of the element and that modifies the understanding of the element in which it is contained and/or the understanding of the containing element's descendants. Usually modifier elements provide negation or qualification. To make the use of extensions safe and manageable, there is a strict set of governance applied to the definition and use of extensions. Though any implementer can define an extension, there is a set of requirements that SHALL be met as part of the definition of the extension. Applications processing a resource are required to check for modifier extensions.

Modifier extensions SHALL NOT change the meaning of any elements on Resource or DomainResource (including cannot change the meaning of modifierExtension itself).","There can be no stigma associated with the use of extensions by any application, project, or standard - regardless of the institution or jurisdiction that uses or defines the extensions.  The use of extensions is what allows the FHIR specification to retain a core level of simplicity for everyone.","Modifier extensions allow for extensions that *cannot* be safely ignored to be clearly distinguished from the vast majority of extensions which can be safely ignored.  This promotes interoperability by eliminating the need for implementers to prohibit the presence of extensions. For further information, see the [definition of modifier extensions](http://hl7.org/fhir/R4/extensibility.html#modifierExtension).","","","","","","","",,,,,"",,,,"BackboneElement.modifierExtension",0,*,"","ele-1:All FHIR elements must have a @value or children {hasValue() or (children().count() > id.count())}
ext-1:Must have either extensions or value[x], not both {extension.exists() != value.exists()}"
"EMSProtocol.findings.disability.gcs.eyeOpening.score","EMSProtocol.findings.disability.gcs.eyeOpening.score","","","",0,1,"","","","integer {[]} {[]}
","Score","Score","","","","","","","","","",,,,,"",,,,"EMSProtocol.findings.disability.gcs.eyeOpening.score",0,1,"",""
"EMSProtocol.findings.disability.gcs.eyeOpening.description","EMSProtocol.findings.disability.gcs.eyeOpening.description","","","",0,1,"","","","CodeableConcept {[]} {[]}
","Beschreibung","Beschreibung","","","","","","","","","",,"extensible","IVR VS (SCT & IVR)","http://fhir.ch/ig/ch-ems/ValueSet/IVR-VS-gcs-augenoeffnung","",,,,"EMSProtocol.findings.disability.gcs.eyeOpening.description",0,1,"",""
"EMSProtocol.findings.disability.gcs.verbalResponse","EMSProtocol.findings.disability.gcs.verbalResponse","","","",0,1,"","","","BackboneElement {[]} {[]}
","verbale Kommunikation","verbale Kommunikation","","","","","","","","","",,,,,"",,,,"EMSProtocol.findings.disability.gcs.verbalResponse",0,1,"","ele-1:All FHIR elements must have a @value or children {hasValue() or (children().count() > id.count())}
"
"EMSProtocol.findings.disability.gcs.verbalResponse.id","EMSProtocol.findings.disability.gcs.verbalResponse.id","","","",0,1,"","","","string {[]} {[]}
","Unique id for inter-element referencing","Unique id for the element within a resource (for internal references). This may be any string value that does not contain spaces.","","","","","","","","","",,,,,"",,,,"Element.id",0,1,"",""
"EMSProtocol.findings.disability.gcs.verbalResponse.extension","EMSProtocol.findings.disability.gcs.verbalResponse.extension","","extensions
user content","",0,*,"","","","Extension {[]} {[]}
","Additional content defined by implementations","May be used to represent additional information that is not part of the basic definition of the element. To make the use of extensions safe and manageable, there is a strict set of governance  applied to the definition and use of extensions. Though any implementer can define an extension, there is a set of requirements that SHALL be met as part of the definition of the extension.","There can be no stigma associated with the use of extensions by any application, project, or standard - regardless of the institution or jurisdiction that uses or defines the extensions.  The use of extensions is what allows the FHIR specification to retain a core level of simplicity for everyone.","","","","","","","","",,,,,"","value:url}
","Extensions are always sliced by (at least) url",,"open","Element.extension",0,*,"","ele-1:All FHIR elements must have a @value or children {hasValue() or (children().count() > id.count())}
ext-1:Must have either extensions or value[x], not both {extension.exists() != value.exists()}"
"EMSProtocol.findings.disability.gcs.verbalResponse.modifierExtension","EMSProtocol.findings.disability.gcs.verbalResponse.modifierExtension","","extensions
user contentmodifiers","",0,*,"","Y","Y","Extension {[]} {[]}
","Extensions that cannot be ignored even if unrecognized","May be used to represent additional information that is not part of the basic definition of the element and that modifies the understanding of the element in which it is contained and/or the understanding of the containing element's descendants. Usually modifier elements provide negation or qualification. To make the use of extensions safe and manageable, there is a strict set of governance applied to the definition and use of extensions. Though any implementer can define an extension, there is a set of requirements that SHALL be met as part of the definition of the extension. Applications processing a resource are required to check for modifier extensions.

Modifier extensions SHALL NOT change the meaning of any elements on Resource or DomainResource (including cannot change the meaning of modifierExtension itself).","There can be no stigma associated with the use of extensions by any application, project, or standard - regardless of the institution or jurisdiction that uses or defines the extensions.  The use of extensions is what allows the FHIR specification to retain a core level of simplicity for everyone.","Modifier extensions allow for extensions that *cannot* be safely ignored to be clearly distinguished from the vast majority of extensions which can be safely ignored.  This promotes interoperability by eliminating the need for implementers to prohibit the presence of extensions. For further information, see the [definition of modifier extensions](http://hl7.org/fhir/R4/extensibility.html#modifierExtension).","","","","","","","",,,,,"",,,,"BackboneElement.modifierExtension",0,*,"","ele-1:All FHIR elements must have a @value or children {hasValue() or (children().count() > id.count())}
ext-1:Must have either extensions or value[x], not both {extension.exists() != value.exists()}"
"EMSProtocol.findings.disability.gcs.verbalResponse.score","EMSProtocol.findings.disability.gcs.verbalResponse.score","","","",0,1,"","","","integer {[]} {[]}
","Score","Score","","","","","","","","","",,,,,"",,,,"EMSProtocol.findings.disability.gcs.verbalResponse.score",0,1,"",""
"EMSProtocol.findings.disability.gcs.verbalResponse.description","EMSProtocol.findings.disability.gcs.verbalResponse.description","","","",0,1,"","","","CodeableConcept {[]} {[]}
","Beschreibung","Beschreibung","","","","","","","","","",,"extensible","IVR VS (SCT & IVR)","http://fhir.ch/ig/ch-ems/ValueSet/IVR-VS-gcsVerbal","",,,,"EMSProtocol.findings.disability.gcs.verbalResponse.description",0,1,"",""
"EMSProtocol.findings.disability.gcs.motorResponse","EMSProtocol.findings.disability.gcs.motorResponse","","","",0,1,"","","","BackboneElement {[]} {[]}
","motorische Reaktion","motorische Reaktion","","","","","","","","","",,,,,"",,,,"EMSProtocol.findings.disability.gcs.motorResponse",0,1,"","ele-1:All FHIR elements must have a @value or children {hasValue() or (children().count() > id.count())}
"
"EMSProtocol.findings.disability.gcs.motorResponse.id","EMSProtocol.findings.disability.gcs.motorResponse.id","","","",0,1,"","","","string {[]} {[]}
","Unique id for inter-element referencing","Unique id for the element within a resource (for internal references). This may be any string value that does not contain spaces.","","","","","","","","","",,,,,"",,,,"Element.id",0,1,"",""
"EMSProtocol.findings.disability.gcs.motorResponse.extension","EMSProtocol.findings.disability.gcs.motorResponse.extension","","extensions
user content","",0,*,"","","","Extension {[]} {[]}
","Additional content defined by implementations","May be used to represent additional information that is not part of the basic definition of the element. To make the use of extensions safe and manageable, there is a strict set of governance  applied to the definition and use of extensions. Though any implementer can define an extension, there is a set of requirements that SHALL be met as part of the definition of the extension.","There can be no stigma associated with the use of extensions by any application, project, or standard - regardless of the institution or jurisdiction that uses or defines the extensions.  The use of extensions is what allows the FHIR specification to retain a core level of simplicity for everyone.","","","","","","","","",,,,,"","value:url}
","Extensions are always sliced by (at least) url",,"open","Element.extension",0,*,"","ele-1:All FHIR elements must have a @value or children {hasValue() or (children().count() > id.count())}
ext-1:Must have either extensions or value[x], not both {extension.exists() != value.exists()}"
"EMSProtocol.findings.disability.gcs.motorResponse.modifierExtension","EMSProtocol.findings.disability.gcs.motorResponse.modifierExtension","","extensions
user contentmodifiers","",0,*,"","Y","Y","Extension {[]} {[]}
","Extensions that cannot be ignored even if unrecognized","May be used to represent additional information that is not part of the basic definition of the element and that modifies the understanding of the element in which it is contained and/or the understanding of the containing element's descendants. Usually modifier elements provide negation or qualification. To make the use of extensions safe and manageable, there is a strict set of governance applied to the definition and use of extensions. Though any implementer can define an extension, there is a set of requirements that SHALL be met as part of the definition of the extension. Applications processing a resource are required to check for modifier extensions.

Modifier extensions SHALL NOT change the meaning of any elements on Resource or DomainResource (including cannot change the meaning of modifierExtension itself).","There can be no stigma associated with the use of extensions by any application, project, or standard - regardless of the institution or jurisdiction that uses or defines the extensions.  The use of extensions is what allows the FHIR specification to retain a core level of simplicity for everyone.","Modifier extensions allow for extensions that *cannot* be safely ignored to be clearly distinguished from the vast majority of extensions which can be safely ignored.  This promotes interoperability by eliminating the need for implementers to prohibit the presence of extensions. For further information, see the [definition of modifier extensions](http://hl7.org/fhir/R4/extensibility.html#modifierExtension).","","","","","","","",,,,,"",,,,"BackboneElement.modifierExtension",0,*,"","ele-1:All FHIR elements must have a @value or children {hasValue() or (children().count() > id.count())}
ext-1:Must have either extensions or value[x], not both {extension.exists() != value.exists()}"
"EMSProtocol.findings.disability.gcs.motorResponse.score","EMSProtocol.findings.disability.gcs.motorResponse.score","","","",0,1,"","","","integer {[]} {[]}
","Score","Score","","","","","","","","","",,,,,"",,,,"EMSProtocol.findings.disability.gcs.motorResponse.score",0,1,"",""
"EMSProtocol.findings.disability.gcs.motorResponse.description","EMSProtocol.findings.disability.gcs.motorResponse.description","","","",0,1,"","","","CodeableConcept {[]} {[]}
","Beschreibung","Beschreibung","","","","","","","","","",,"extensible","IVR VS (SCT & IVR)","http://fhir.ch/ig/ch-ems/ValueSet/IVR-VS-gcsMotoric","",,,,"EMSProtocol.findings.disability.gcs.motorResponse.description",0,1,"",""
"EMSProtocol.findings.disability.levelOfResponsiveness","EMSProtocol.findings.disability.levelOfResponsiveness","","","",0,1,"","","","CodeableConcept {[]} {[]}
","Bewusstseinslage nach AVPU-Schema","Bewusstseinslage nach AVPU-Schema","","","","","","","","","",,"extensible","IVR VS (IVR)","http://fhir.ch/ig/ch-ems/ValueSet/IVR-VS-vigilanzAvpu","",,,,"EMSProtocol.findings.disability.levelOfResponsiveness",0,1,"",""
"EMSProtocol.findings.disability.pupilShape","EMSProtocol.findings.disability.pupilShape","","","",0,1,"","","","CodeableConcept {[]} {[]}
","Pupillenform","Pupillenform","","","","","","","","","",,"extensible","IVR VS (SCT)","http://fhir.ch/ig/ch-ems/ValueSet/IVR-VS-eyeForm","",,,,"EMSProtocol.findings.disability.pupilShape",0,1,"",""
"EMSProtocol.findings.disability.pupilSize","EMSProtocol.findings.disability.pupilSize","","","",0,1,"","","","CodeableConcept {[]} {[]}
","Pupillenform","Pupillenform","","","","","","","","","",,"extensible","IVR VS (SCT)","http://fhir.ch/ig/ch-ems/ValueSet/IVR-VS-size","",,,,"EMSProtocol.findings.disability.pupilSize",0,1,"",""
"EMSProtocol.findings.disability.fast","EMSProtocol.findings.disability.fast","","","",0,1,"","","","BackboneElement {[]} {[]}
","Verletzungsgrad mittels FAST-Test","Verletzungsgrad mittels FAST-Test","","","","","","","","","",,,,,"",,,,"EMSProtocol.findings.disability.fast",0,1,"","ele-1:All FHIR elements must have a @value or children {hasValue() or (children().count() > id.count())}
"
"EMSProtocol.findings.disability.fast.id","EMSProtocol.findings.disability.fast.id","","","",0,1,"","","","string {[]} {[]}
","Unique id for inter-element referencing","Unique id for the element within a resource (for internal references). This may be any string value that does not contain spaces.","","","","","","","","","",,,,,"",,,,"Element.id",0,1,"",""
"EMSProtocol.findings.disability.fast.extension","EMSProtocol.findings.disability.fast.extension","","extensions
user content","",0,*,"","","","Extension {[]} {[]}
","Additional content defined by implementations","May be used to represent additional information that is not part of the basic definition of the element. To make the use of extensions safe and manageable, there is a strict set of governance  applied to the definition and use of extensions. Though any implementer can define an extension, there is a set of requirements that SHALL be met as part of the definition of the extension.","There can be no stigma associated with the use of extensions by any application, project, or standard - regardless of the institution or jurisdiction that uses or defines the extensions.  The use of extensions is what allows the FHIR specification to retain a core level of simplicity for everyone.","","","","","","","","",,,,,"","value:url}
","Extensions are always sliced by (at least) url",,"open","Element.extension",0,*,"","ele-1:All FHIR elements must have a @value or children {hasValue() or (children().count() > id.count())}
ext-1:Must have either extensions or value[x], not both {extension.exists() != value.exists()}"
"EMSProtocol.findings.disability.fast.modifierExtension","EMSProtocol.findings.disability.fast.modifierExtension","","extensions
user contentmodifiers","",0,*,"","Y","Y","Extension {[]} {[]}
","Extensions that cannot be ignored even if unrecognized","May be used to represent additional information that is not part of the basic definition of the element and that modifies the understanding of the element in which it is contained and/or the understanding of the containing element's descendants. Usually modifier elements provide negation or qualification. To make the use of extensions safe and manageable, there is a strict set of governance applied to the definition and use of extensions. Though any implementer can define an extension, there is a set of requirements that SHALL be met as part of the definition of the extension. Applications processing a resource are required to check for modifier extensions.

Modifier extensions SHALL NOT change the meaning of any elements on Resource or DomainResource (including cannot change the meaning of modifierExtension itself).","There can be no stigma associated with the use of extensions by any application, project, or standard - regardless of the institution or jurisdiction that uses or defines the extensions.  The use of extensions is what allows the FHIR specification to retain a core level of simplicity for everyone.","Modifier extensions allow for extensions that *cannot* be safely ignored to be clearly distinguished from the vast majority of extensions which can be safely ignored.  This promotes interoperability by eliminating the need for implementers to prohibit the presence of extensions. For further information, see the [definition of modifier extensions](http://hl7.org/fhir/R4/extensibility.html#modifierExtension).","","","","","","","",,,,,"",,,,"BackboneElement.modifierExtension",0,*,"","ele-1:All FHIR elements must have a @value or children {hasValue() or (children().count() > id.count())}
ext-1:Must have either extensions or value[x], not both {extension.exists() != value.exists()}"
"EMSProtocol.findings.disability.fast.face","EMSProtocol.findings.disability.fast.face","","","",1,1,"","","","CodeableConcept {[]} {[]}
","F: Gesichtslähmung","F: Gesichtslähmung","","","","","","","","","",,"extensible","IVR VS (SCT)","http://fhir.ch/ig/ch-ems/ValueSet/IVR-VS-yesNoUnknown","",,,,"EMSProtocol.findings.disability.fast.face",1,1,"","ele-1:All FHIR elements must have a @value or children {hasValue() or (children().count() > id.count())}
"
"EMSProtocol.findings.disability.fast.face.id","EMSProtocol.findings.disability.fast.face.id","","","",0,1,"","","","string {[]} {[]}
","Unique id for inter-element referencing","Unique id for the element within a resource (for internal references). This may be any string value that does not contain spaces.","","","","","","","","","",,,,,"",,,,"Element.id",0,1,"",""
"EMSProtocol.findings.disability.fast.face.extension","EMSProtocol.findings.disability.fast.face.extension","","extensions
user content","",0,*,"","","","Extension {[]} {[]}
","Additional content defined by implementations","May be used to represent additional information that is not part of the basic definition of the element. To make the use of extensions safe and manageable, there is a strict set of governance  applied to the definition and use of extensions. Though any implementer can define an extension, there is a set of requirements that SHALL be met as part of the definition of the extension.","There can be no stigma associated with the use of extensions by any application, project, or standard - regardless of the institution or jurisdiction that uses or defines the extensions.  The use of extensions is what allows the FHIR specification to retain a core level of simplicity for everyone.","","","","","","","","",,,,,"","value:url}
","Extensions are always sliced by (at least) url",,"open","Element.extension",0,*,"","ele-1:All FHIR elements must have a @value or children {hasValue() or (children().count() > id.count())}
ext-1:Must have either extensions or value[x], not both {extension.exists() != value.exists()}"
"EMSProtocol.findings.disability.fast.face.coding","EMSProtocol.findings.disability.fast.face.coding","","","",0,*,"","","Y","Coding {[]} {[]}
","Code defined by a terminology system","A reference to a code defined by a terminology system.","Codes may be defined very casually in enumerations, or code lists, up to very formal definitions such as SNOMED CT - see the HL7 v3 Core Principles for more information.  Ordering of codings is undefined and SHALL NOT be used to infer meaning. Generally, at most only one of the coding values will be labeled as UserSelected = true.","Allows for alternative encodings within a code system, and translations to other code systems.","","","","","","","",,,,,"",,,,"CodeableConcept.coding",0,*,"","ele-1:All FHIR elements must have a @value or children {hasValue() or (children().count() > id.count())}
"
"EMSProtocol.findings.disability.fast.face.text","EMSProtocol.findings.disability.fast.face.text","","","",0,1,"","","Y","string {[]} {[]}
","Plain text representation of the concept","A human language representation of the concept as seen/selected/uttered by the user who entered the data and/or which represents the intended meaning of the user.","Very often the text is the same as a displayName of one of the codings.","The codes from the terminologies do not always capture the correct meaning with all the nuances of the human using them, or sometimes there is no appropriate code at all. In these cases, the text is used to capture the full meaning of the source.","","","","","","","",,,,,"",,,,"CodeableConcept.text",0,1,"","ele-1:All FHIR elements must have a @value or children {hasValue() or (children().count() > id.count())}
"
"EMSProtocol.findings.disability.fast.face.laterality","EMSProtocol.findings.disability.fast.face.laterality","","","",0,1,"","","","CodeableConcept {[]} {[]}
","Betroffene Seite","Betroffene Seite","","","","","","","","","",,"extensible","IVR VS (SCT)","http://fhir.ch/ig/ch-ems/ValueSet/IVR-VS-laterality","",,,,"EMSProtocol.findings.disability.fast.face.laterality",0,1,"",""
"EMSProtocol.findings.disability.fast.arm","EMSProtocol.findings.disability.fast.arm","","","",1,1,"","","","CodeableConcept {[]} {[]}
","A: Armschwäche","A: Armschwäche","","","","","","","","","",,"extensible","IVR VS (SCT)","http://fhir.ch/ig/ch-ems/ValueSet/IVR-VS-yesNoUnknown","",,,,"EMSProtocol.findings.disability.fast.arm",1,1,"","ele-1:All FHIR elements must have a @value or children {hasValue() or (children().count() > id.count())}
"
"EMSProtocol.findings.disability.fast.arm.id","EMSProtocol.findings.disability.fast.arm.id","","","",0,1,"","","","string {[]} {[]}
","Unique id for inter-element referencing","Unique id for the element within a resource (for internal references). This may be any string value that does not contain spaces.","","","","","","","","","",,,,,"",,,,"Element.id",0,1,"",""
"EMSProtocol.findings.disability.fast.arm.extension","EMSProtocol.findings.disability.fast.arm.extension","","extensions
user content","",0,*,"","","","Extension {[]} {[]}
","Additional content defined by implementations","May be used to represent additional information that is not part of the basic definition of the element. To make the use of extensions safe and manageable, there is a strict set of governance  applied to the definition and use of extensions. Though any implementer can define an extension, there is a set of requirements that SHALL be met as part of the definition of the extension.","There can be no stigma associated with the use of extensions by any application, project, or standard - regardless of the institution or jurisdiction that uses or defines the extensions.  The use of extensions is what allows the FHIR specification to retain a core level of simplicity for everyone.","","","","","","","","",,,,,"","value:url}
","Extensions are always sliced by (at least) url",,"open","Element.extension",0,*,"","ele-1:All FHIR elements must have a @value or children {hasValue() or (children().count() > id.count())}
ext-1:Must have either extensions or value[x], not both {extension.exists() != value.exists()}"
"EMSProtocol.findings.disability.fast.arm.coding","EMSProtocol.findings.disability.fast.arm.coding","","","",0,*,"","","Y","Coding {[]} {[]}
","Code defined by a terminology system","A reference to a code defined by a terminology system.","Codes may be defined very casually in enumerations, or code lists, up to very formal definitions such as SNOMED CT - see the HL7 v3 Core Principles for more information.  Ordering of codings is undefined and SHALL NOT be used to infer meaning. Generally, at most only one of the coding values will be labeled as UserSelected = true.","Allows for alternative encodings within a code system, and translations to other code systems.","","","","","","","",,,,,"",,,,"CodeableConcept.coding",0,*,"","ele-1:All FHIR elements must have a @value or children {hasValue() or (children().count() > id.count())}
"
"EMSProtocol.findings.disability.fast.arm.text","EMSProtocol.findings.disability.fast.arm.text","","","",0,1,"","","Y","string {[]} {[]}
","Plain text representation of the concept","A human language representation of the concept as seen/selected/uttered by the user who entered the data and/or which represents the intended meaning of the user.","Very often the text is the same as a displayName of one of the codings.","The codes from the terminologies do not always capture the correct meaning with all the nuances of the human using them, or sometimes there is no appropriate code at all. In these cases, the text is used to capture the full meaning of the source.","","","","","","","",,,,,"",,,,"CodeableConcept.text",0,1,"","ele-1:All FHIR elements must have a @value or children {hasValue() or (children().count() > id.count())}
"
"EMSProtocol.findings.disability.fast.arm.laterality","EMSProtocol.findings.disability.fast.arm.laterality","","","",0,1,"","","","CodeableConcept {[]} {[]}
","Betroffene Seite","Betroffene Seite","","","","","","","","","",,"extensible","IVR VS (SCT)","http://fhir.ch/ig/ch-ems/ValueSet/IVR-VS-laterality","",,,,"EMSProtocol.findings.disability.fast.arm.laterality",0,1,"",""
"EMSProtocol.findings.disability.fast.speech","EMSProtocol.findings.disability.fast.speech","","","",1,1,"","","","CodeableConcept {[]} {[]}
","S: Sprachschwierigkeiten","S: Sprachschwierigkeiten","","","","","","","","","",,"extensible","IVR VS (SCT)","http://fhir.ch/ig/ch-ems/ValueSet/IVR-VS-yesNoUnknown","",,,,"EMSProtocol.findings.disability.fast.speech",1,1,"",""
"EMSProtocol.findings.disability.fast.time","EMSProtocol.findings.disability.fast.time","","","",1,1,"","","","dateTime {[]} {[]}
","T: Zeit","T: Zeit","","","","","","","","","",,,,,"",,,,"EMSProtocol.findings.disability.fast.time",1,1,"",""
"EMSProtocol.findings.exposure","EMSProtocol.findings.exposure","","","",0,1,"","","","BackboneElement {[]} {[]}
","E: Exposition","E: Exposition","","","","","","","","","",,,,,"",,,,"EMSProtocol.findings.exposure",0,1,"","ele-1:All FHIR elements must have a @value or children {hasValue() or (children().count() > id.count())}
"
"EMSProtocol.findings.exposure.id","EMSProtocol.findings.exposure.id","","","",0,1,"","","","string {[]} {[]}
","Unique id for inter-element referencing","Unique id for the element within a resource (for internal references). This may be any string value that does not contain spaces.","","","","","","","","","",,,,,"",,,,"Element.id",0,1,"",""
"EMSProtocol.findings.exposure.extension","EMSProtocol.findings.exposure.extension","","extensions
user content","",0,*,"","","","Extension {[]} {[]}
","Additional content defined by implementations","May be used to represent additional information that is not part of the basic definition of the element. To make the use of extensions safe and manageable, there is a strict set of governance  applied to the definition and use of extensions. Though any implementer can define an extension, there is a set of requirements that SHALL be met as part of the definition of the extension.","There can be no stigma associated with the use of extensions by any application, project, or standard - regardless of the institution or jurisdiction that uses or defines the extensions.  The use of extensions is what allows the FHIR specification to retain a core level of simplicity for everyone.","","","","","","","","",,,,,"","value:url}
","Extensions are always sliced by (at least) url",,"open","Element.extension",0,*,"","ele-1:All FHIR elements must have a @value or children {hasValue() or (children().count() > id.count())}
ext-1:Must have either extensions or value[x], not both {extension.exists() != value.exists()}"
"EMSProtocol.findings.exposure.modifierExtension","EMSProtocol.findings.exposure.modifierExtension","","extensions
user contentmodifiers","",0,*,"","Y","Y","Extension {[]} {[]}
","Extensions that cannot be ignored even if unrecognized","May be used to represent additional information that is not part of the basic definition of the element and that modifies the understanding of the element in which it is contained and/or the understanding of the containing element's descendants. Usually modifier elements provide negation or qualification. To make the use of extensions safe and manageable, there is a strict set of governance applied to the definition and use of extensions. Though any implementer can define an extension, there is a set of requirements that SHALL be met as part of the definition of the extension. Applications processing a resource are required to check for modifier extensions.

Modifier extensions SHALL NOT change the meaning of any elements on Resource or DomainResource (including cannot change the meaning of modifierExtension itself).","There can be no stigma associated with the use of extensions by any application, project, or standard - regardless of the institution or jurisdiction that uses or defines the extensions.  The use of extensions is what allows the FHIR specification to retain a core level of simplicity for everyone.","Modifier extensions allow for extensions that *cannot* be safely ignored to be clearly distinguished from the vast majority of extensions which can be safely ignored.  This promotes interoperability by eliminating the need for implementers to prohibit the presence of extensions. For further information, see the [definition of modifier extensions](http://hl7.org/fhir/R4/extensibility.html#modifierExtension).","","","","","","","",,,,,"",,,,"BackboneElement.modifierExtension",0,*,"","ele-1:All FHIR elements must have a @value or children {hasValue() or (children().count() > id.count())}
ext-1:Must have either extensions or value[x], not both {extension.exists() != value.exists()}"
"EMSProtocol.findings.exposure.heat","EMSProtocol.findings.exposure.heat","","","",0,1,"","","","CodeableConcept {[]} {[]}
","Hitzeexposition","Hitzeexposition","","","","","","","","","",,"extensible","IVR VS (SCT)","http://fhir.ch/ig/ch-ems/ValueSet/IVR-VS-heatExposure","",,,,"EMSProtocol.findings.exposure.heat",0,1,"",""
"EMSProtocol.findings.exposure.cold","EMSProtocol.findings.exposure.cold","","","",0,1,"","","","CodeableConcept {[]} {[]}
","Kälteexposition","Kälteexposition","","","","","","","","","",,"extensible","IVR VS (SCT)","http://fhir.ch/ig/ch-ems/ValueSet/IVR-VS-coldExposure","",,,,"EMSProtocol.findings.exposure.cold",0,1,"",""
"EMSProtocol.diagnosis","EMSProtocol.diagnosis","","","",0,*,"","","","BackboneElement {[]} {[]}
","Diagnose","Diagnose","","","","","","","","","",,,,,"",,,,"EMSProtocol.diagnosis",0,*,"","ele-1:All FHIR elements must have a @value or children {hasValue() or (children().count() > id.count())}
"
"EMSProtocol.diagnosis.id","EMSProtocol.diagnosis.id","","","",0,1,"","","","string {[]} {[]}
","Unique id for inter-element referencing","Unique id for the element within a resource (for internal references). This may be any string value that does not contain spaces.","","","","","","","","","",,,,,"",,,,"Element.id",0,1,"",""
"EMSProtocol.diagnosis.extension","EMSProtocol.diagnosis.extension","","extensions
user content","",0,*,"","","","Extension {[]} {[]}
","Additional content defined by implementations","May be used to represent additional information that is not part of the basic definition of the element. To make the use of extensions safe and manageable, there is a strict set of governance  applied to the definition and use of extensions. Though any implementer can define an extension, there is a set of requirements that SHALL be met as part of the definition of the extension.","There can be no stigma associated with the use of extensions by any application, project, or standard - regardless of the institution or jurisdiction that uses or defines the extensions.  The use of extensions is what allows the FHIR specification to retain a core level of simplicity for everyone.","","","","","","","","",,,,,"","value:url}
","Extensions are always sliced by (at least) url",,"open","Element.extension",0,*,"","ele-1:All FHIR elements must have a @value or children {hasValue() or (children().count() > id.count())}
ext-1:Must have either extensions or value[x], not both {extension.exists() != value.exists()}"
"EMSProtocol.diagnosis.modifierExtension","EMSProtocol.diagnosis.modifierExtension","","extensions
user contentmodifiers","",0,*,"","Y","Y","Extension {[]} {[]}
","Extensions that cannot be ignored even if unrecognized","May be used to represent additional information that is not part of the basic definition of the element and that modifies the understanding of the element in which it is contained and/or the understanding of the containing element's descendants. Usually modifier elements provide negation or qualification. To make the use of extensions safe and manageable, there is a strict set of governance applied to the definition and use of extensions. Though any implementer can define an extension, there is a set of requirements that SHALL be met as part of the definition of the extension. Applications processing a resource are required to check for modifier extensions.

Modifier extensions SHALL NOT change the meaning of any elements on Resource or DomainResource (including cannot change the meaning of modifierExtension itself).","There can be no stigma associated with the use of extensions by any application, project, or standard - regardless of the institution or jurisdiction that uses or defines the extensions.  The use of extensions is what allows the FHIR specification to retain a core level of simplicity for everyone.","Modifier extensions allow for extensions that *cannot* be safely ignored to be clearly distinguished from the vast majority of extensions which can be safely ignored.  This promotes interoperability by eliminating the need for implementers to prohibit the presence of extensions. For further information, see the [definition of modifier extensions](http://hl7.org/fhir/R4/extensibility.html#modifierExtension).","","","","","","","",,,,,"",,,,"BackboneElement.modifierExtension",0,*,"","ele-1:All FHIR elements must have a @value or children {hasValue() or (children().count() > id.count())}
ext-1:Must have either extensions or value[x], not both {extension.exists() != value.exists()}"
"EMSProtocol.diagnosis.type","EMSProtocol.diagnosis.type","","","",1,1,"","","","CodeableConcept {[]} {[]}
","Diagnosetyp","Diagnosetyp","","","","","","","","","",,"extensible","IVR VS (SCT)","http://fhir.ch/ig/ch-ems/ValueSet/IVR-VS-diagType","",,,,"EMSProtocol.diagnosis.type",1,1,"",""
"EMSProtocol.diagnosis.author","EMSProtocol.diagnosis.author","","","",0,1,"","","","BackboneElement {[]} {[]}
","Diagnosesteller","Diagnosesteller","","","","","","","","","",,,,,"",,,,"EMSProtocol.diagnosis.author",0,1,"","ele-1:All FHIR elements must have a @value or children {hasValue() or (children().count() > id.count())}
"
"EMSProtocol.diagnosis.author.id","EMSProtocol.diagnosis.author.id","","","",0,1,"","","","string {[]} {[]}
","Unique id for inter-element referencing","Unique id for the element within a resource (for internal references). This may be any string value that does not contain spaces.","","","","","","","","","",,,,,"",,,,"Element.id",0,1,"",""
"EMSProtocol.diagnosis.author.extension","EMSProtocol.diagnosis.author.extension","","extensions
user content","",0,*,"","","","Extension {[]} {[]}
","Additional content defined by implementations","May be used to represent additional information that is not part of the basic definition of the element. To make the use of extensions safe and manageable, there is a strict set of governance  applied to the definition and use of extensions. Though any implementer can define an extension, there is a set of requirements that SHALL be met as part of the definition of the extension.","There can be no stigma associated with the use of extensions by any application, project, or standard - regardless of the institution or jurisdiction that uses or defines the extensions.  The use of extensions is what allows the FHIR specification to retain a core level of simplicity for everyone.","","","","","","","","",,,,,"","value:url}
","Extensions are always sliced by (at least) url",,"open","Element.extension",0,*,"","ele-1:All FHIR elements must have a @value or children {hasValue() or (children().count() > id.count())}
ext-1:Must have either extensions or value[x], not both {extension.exists() != value.exists()}"
"EMSProtocol.diagnosis.author.modifierExtension","EMSProtocol.diagnosis.author.modifierExtension","","extensions
user contentmodifiers","",0,*,"","Y","Y","Extension {[]} {[]}
","Extensions that cannot be ignored even if unrecognized","May be used to represent additional information that is not part of the basic definition of the element and that modifies the understanding of the element in which it is contained and/or the understanding of the containing element's descendants. Usually modifier elements provide negation or qualification. To make the use of extensions safe and manageable, there is a strict set of governance applied to the definition and use of extensions. Though any implementer can define an extension, there is a set of requirements that SHALL be met as part of the definition of the extension. Applications processing a resource are required to check for modifier extensions.

Modifier extensions SHALL NOT change the meaning of any elements on Resource or DomainResource (including cannot change the meaning of modifierExtension itself).","There can be no stigma associated with the use of extensions by any application, project, or standard - regardless of the institution or jurisdiction that uses or defines the extensions.  The use of extensions is what allows the FHIR specification to retain a core level of simplicity for everyone.","Modifier extensions allow for extensions that *cannot* be safely ignored to be clearly distinguished from the vast majority of extensions which can be safely ignored.  This promotes interoperability by eliminating the need for implementers to prohibit the presence of extensions. For further information, see the [definition of modifier extensions](http://hl7.org/fhir/R4/extensibility.html#modifierExtension).","","","","","","","",,,,,"",,,,"BackboneElement.modifierExtension",0,*,"","ele-1:All FHIR elements must have a @value or children {hasValue() or (children().count() > id.count())}
ext-1:Must have either extensions or value[x], not both {extension.exists() != value.exists()}"
"EMSProtocol.diagnosis.author.name","EMSProtocol.diagnosis.author.name","","","",0,1,"","","","HumanName {[]} {[]}
","Name","Name","","","","","","","","","",,,,,"",,,,"EMSProtocol.diagnosis.author.name",0,1,"","ele-1:All FHIR elements must have a @value or children {hasValue() or (children().count() > id.count())}
"
"EMSProtocol.diagnosis.author.name.id","EMSProtocol.diagnosis.author.name.id","","","",0,1,"","","","string {[]} {[]}
","Unique id for inter-element referencing","Unique id for the element within a resource (for internal references). This may be any string value that does not contain spaces.","","","","","","","","","",,,,,"",,,,"Element.id",0,1,"",""
"EMSProtocol.diagnosis.author.name.extension","EMSProtocol.diagnosis.author.name.extension","","extensions
user content","",0,*,"","","","Extension {[]} {[]}
","Additional content defined by implementations","May be used to represent additional information that is not part of the basic definition of the element. To make the use of extensions safe and manageable, there is a strict set of governance  applied to the definition and use of extensions. Though any implementer can define an extension, there is a set of requirements that SHALL be met as part of the definition of the extension.","There can be no stigma associated with the use of extensions by any application, project, or standard - regardless of the institution or jurisdiction that uses or defines the extensions.  The use of extensions is what allows the FHIR specification to retain a core level of simplicity for everyone.","","","","","","","","",,,,,"","value:url}
","Extensions are always sliced by (at least) url",,"open","Element.extension",0,*,"","ele-1:All FHIR elements must have a @value or children {hasValue() or (children().count() > id.count())}
ext-1:Must have either extensions or value[x], not both {extension.exists() != value.exists()}"
"EMSProtocol.diagnosis.author.name.use","EMSProtocol.diagnosis.author.name.use","","","",0,1,"","Y","Y","code {[]} {[]}
","usual | official | temp | nickname | anonymous | old | maiden","Identifies the purpose for this name.","Applications can assume that a name is current unless it explicitly says that it is temporary or old.","Allows the appropriate name for a particular context of use to be selected from among a set of names.","","","","","","","",,"required","The use of a human name.","http://hl7.org/fhir/ValueSet/name-use|4.0.1","",,,,"HumanName.use",0,1,"","ele-1:All FHIR elements must have a @value or children {hasValue() or (children().count() > id.count())}
"
"EMSProtocol.diagnosis.author.name.text","EMSProtocol.diagnosis.author.name.text","","","",0,1,"","","Y","string {[]} {[]}
","Text representation of the full name","Specifies the entire name as it should be displayed e.g. on an application UI. This may be provided instead of or as well as the specific parts.","Can provide both a text representation and parts. Applications updating a name SHALL ensure that when both text and parts are present,  no content is included in the text that isn't found in a part.","A renderable, unencoded form.","","","","","","","",,,,,"",,,,"HumanName.text",0,1,"","ele-1:All FHIR elements must have a @value or children {hasValue() or (children().count() > id.count())}
"
"EMSProtocol.diagnosis.author.name.family","EMSProtocol.diagnosis.author.name.family","","surname
","",0,1,"","","Y","string {[]} {[]}
","Family name (often called 'Surname')","The part of a name that links to the genealogy. In some cultures (e.g. Eritrea) the family name of a son is the first name of his father.","Family Name may be decomposed into specific parts using extensions (de, nl, es related cultures).","","","","","","","","",,,,,"",,,,"HumanName.family",0,1,"","ele-1:All FHIR elements must have a @value or children {hasValue() or (children().count() > id.count())}
"
"EMSProtocol.diagnosis.author.name.given","EMSProtocol.diagnosis.author.name.given","","first name
middle name","",0,*,"","","Y","string {[]} {[]}
","Given names (not always 'first'). Includes middle names","Given name.","If only initials are recorded, they may be used in place of the full name parts. Initials may be separated into multiple given names but often aren't due to paractical limitations.  This element is not called ""first name"" since given names do not always come first.","","","","","","","","",,,,,"",,,,"HumanName.given",0,*,"","ele-1:All FHIR elements must have a @value or children {hasValue() or (children().count() > id.count())}
"
"EMSProtocol.diagnosis.author.name.prefix","EMSProtocol.diagnosis.author.name.prefix","","","",0,*,"","","Y","string {[]} {[]}
","Parts that come before the name","Part of the name that is acquired as a title due to academic, legal, employment or nobility status, etc. and that appears at the start of the name.","","","","","","","","","",,,,,"",,,,"HumanName.prefix",0,*,"","ele-1:All FHIR elements must have a @value or children {hasValue() or (children().count() > id.count())}
"
"EMSProtocol.diagnosis.author.name.suffix","EMSProtocol.diagnosis.author.name.suffix","","","",0,*,"","","Y","string {[]} {[]}
","Parts that come after the name","Part of the name that is acquired as a title due to academic, legal, employment or nobility status, etc. and that appears at the end of the name.","","","","","","","","","",,,,,"",,,,"HumanName.suffix",0,*,"","ele-1:All FHIR elements must have a @value or children {hasValue() or (children().count() > id.count())}
"
"EMSProtocol.diagnosis.author.name.period","EMSProtocol.diagnosis.author.name.period","","","",0,1,"","","Y","Period {[]} {[]}
","Time period when name was/is in use","Indicates the period of time when this name was valid for the named person.","","Allows names to be placed in historical context.","","","","","","","",,,,,"",,,,"HumanName.period",0,1,"","ele-1:All FHIR elements must have a @value or children {hasValue() or (children().count() > id.count())}
"
"EMSProtocol.diagnosis.author.name.firstName","EMSProtocol.diagnosis.author.name.firstName","","","",0,1,"","","","string {[]} {[]}
","Vorname","Vorname","","","","","","","","","",,,,,"",,,,"EMSProtocol.diagnosis.author.name.firstName",0,1,"",""
"EMSProtocol.diagnosis.author.name.lastName","EMSProtocol.diagnosis.author.name.lastName","","","",0,1,"","","","string {[]} {[]}
","Nachname","Nachname","","","","","","","","","",,,,,"",,,,"EMSProtocol.diagnosis.author.name.lastName",0,1,"",""
"EMSProtocol.diagnosis.author.gln","EMSProtocol.diagnosis.author.gln","","","",0,1,"","","","Identifier {[]} {[]}
","GLN (Global Location Number)","GLN (Global Location Number)","","","","","","","","","",,,,,"",,,,"EMSProtocol.diagnosis.author.gln",0,1,"",""
"EMSProtocol.diagnosis.author.formation","EMSProtocol.diagnosis.author.formation","","","",0,*,"","","","CodeableConcept {[]} {[]}
","Ausbildung","Ausbildung","","","","","","","","","",,"extensible","see EmsProtocol.mission.respondingOrganisation.team.member.formation","http://fhir.ch/ig/ch-ems/ValueSet/IVR-VS-formation","",,,,"EMSProtocol.diagnosis.author.formation",0,*,"",""
"EMSProtocol.diagnosis.icd10","EMSProtocol.diagnosis.icd10","","","",0,1,"","","","CodeableConcept {[]} {[]}
","ICD-10-Code","ICD-10-Code","","","","","","","","","",,,,,"",,,,"EMSProtocol.diagnosis.icd10",0,1,"",""
"EMSProtocol.procedures","EMSProtocol.procedures","","","",0,1,"","","","BackboneElement {[]} {[]}
","Massnahmen","Massnahmen","","","","","","","","","",,,,,"",,,,"EMSProtocol.procedures",0,1,"","ele-1:All FHIR elements must have a @value or children {hasValue() or (children().count() > id.count())}
"
"EMSProtocol.procedures.id","EMSProtocol.procedures.id","","","",0,1,"","","","string {[]} {[]}
","Unique id for inter-element referencing","Unique id for the element within a resource (for internal references). This may be any string value that does not contain spaces.","","","","","","","","","",,,,,"",,,,"Element.id",0,1,"",""
"EMSProtocol.procedures.extension","EMSProtocol.procedures.extension","","extensions
user content","",0,*,"","","","Extension {[]} {[]}
","Additional content defined by implementations","May be used to represent additional information that is not part of the basic definition of the element. To make the use of extensions safe and manageable, there is a strict set of governance  applied to the definition and use of extensions. Though any implementer can define an extension, there is a set of requirements that SHALL be met as part of the definition of the extension.","There can be no stigma associated with the use of extensions by any application, project, or standard - regardless of the institution or jurisdiction that uses or defines the extensions.  The use of extensions is what allows the FHIR specification to retain a core level of simplicity for everyone.","","","","","","","","",,,,,"","value:url}
","Extensions are always sliced by (at least) url",,"open","Element.extension",0,*,"","ele-1:All FHIR elements must have a @value or children {hasValue() or (children().count() > id.count())}
ext-1:Must have either extensions or value[x], not both {extension.exists() != value.exists()}"
"EMSProtocol.procedures.modifierExtension","EMSProtocol.procedures.modifierExtension","","extensions
user contentmodifiers","",0,*,"","Y","Y","Extension {[]} {[]}
","Extensions that cannot be ignored even if unrecognized","May be used to represent additional information that is not part of the basic definition of the element and that modifies the understanding of the element in which it is contained and/or the understanding of the containing element's descendants. Usually modifier elements provide negation or qualification. To make the use of extensions safe and manageable, there is a strict set of governance applied to the definition and use of extensions. Though any implementer can define an extension, there is a set of requirements that SHALL be met as part of the definition of the extension. Applications processing a resource are required to check for modifier extensions.

Modifier extensions SHALL NOT change the meaning of any elements on Resource or DomainResource (including cannot change the meaning of modifierExtension itself).","There can be no stigma associated with the use of extensions by any application, project, or standard - regardless of the institution or jurisdiction that uses or defines the extensions.  The use of extensions is what allows the FHIR specification to retain a core level of simplicity for everyone.","Modifier extensions allow for extensions that *cannot* be safely ignored to be clearly distinguished from the vast majority of extensions which can be safely ignored.  This promotes interoperability by eliminating the need for implementers to prohibit the presence of extensions. For further information, see the [definition of modifier extensions](http://hl7.org/fhir/R4/extensibility.html#modifierExtension).","","","","","","","",,,,,"",,,,"BackboneElement.modifierExtension",0,*,"","ele-1:All FHIR elements must have a @value or children {hasValue() or (children().count() > id.count())}
ext-1:Must have either extensions or value[x], not both {extension.exists() != value.exists()}"
"EMSProtocol.procedures.medicationAdministration","EMSProtocol.procedures.medicationAdministration","","","",0,*,"","","","BackboneElement {[]} {[]}
","Verabreichung von Medikamenten","Verabreichung von Medikamenten","","","","","","","","","",,,,,"",,,,"EMSProtocol.procedures.medicationAdministration",0,*,"","ele-1:All FHIR elements must have a @value or children {hasValue() or (children().count() > id.count())}
"
"EMSProtocol.procedures.medicationAdministration.id","EMSProtocol.procedures.medicationAdministration.id","","","",0,1,"","","","string {[]} {[]}
","Unique id for inter-element referencing","Unique id for the element within a resource (for internal references). This may be any string value that does not contain spaces.","","","","","","","","","",,,,,"",,,,"Element.id",0,1,"",""
"EMSProtocol.procedures.medicationAdministration.extension","EMSProtocol.procedures.medicationAdministration.extension","","extensions
user content","",0,*,"","","","Extension {[]} {[]}
","Additional content defined by implementations","May be used to represent additional information that is not part of the basic definition of the element. To make the use of extensions safe and manageable, there is a strict set of governance  applied to the definition and use of extensions. Though any implementer can define an extension, there is a set of requirements that SHALL be met as part of the definition of the extension.","There can be no stigma associated with the use of extensions by any application, project, or standard - regardless of the institution or jurisdiction that uses or defines the extensions.  The use of extensions is what allows the FHIR specification to retain a core level of simplicity for everyone.","","","","","","","","",,,,,"","value:url}
","Extensions are always sliced by (at least) url",,"open","Element.extension",0,*,"","ele-1:All FHIR elements must have a @value or children {hasValue() or (children().count() > id.count())}
ext-1:Must have either extensions or value[x], not both {extension.exists() != value.exists()}"
"EMSProtocol.procedures.medicationAdministration.modifierExtension","EMSProtocol.procedures.medicationAdministration.modifierExtension","","extensions
user contentmodifiers","",0,*,"","Y","Y","Extension {[]} {[]}
","Extensions that cannot be ignored even if unrecognized","May be used to represent additional information that is not part of the basic definition of the element and that modifies the understanding of the element in which it is contained and/or the understanding of the containing element's descendants. Usually modifier elements provide negation or qualification. To make the use of extensions safe and manageable, there is a strict set of governance applied to the definition and use of extensions. Though any implementer can define an extension, there is a set of requirements that SHALL be met as part of the definition of the extension. Applications processing a resource are required to check for modifier extensions.

Modifier extensions SHALL NOT change the meaning of any elements on Resource or DomainResource (including cannot change the meaning of modifierExtension itself).","There can be no stigma associated with the use of extensions by any application, project, or standard - regardless of the institution or jurisdiction that uses or defines the extensions.  The use of extensions is what allows the FHIR specification to retain a core level of simplicity for everyone.","Modifier extensions allow for extensions that *cannot* be safely ignored to be clearly distinguished from the vast majority of extensions which can be safely ignored.  This promotes interoperability by eliminating the need for implementers to prohibit the presence of extensions. For further information, see the [definition of modifier extensions](http://hl7.org/fhir/R4/extensibility.html#modifierExtension).","","","","","","","",,,,,"",,,,"BackboneElement.modifierExtension",0,*,"","ele-1:All FHIR elements must have a @value or children {hasValue() or (children().count() > id.count())}
ext-1:Must have either extensions or value[x], not both {extension.exists() != value.exists()}"
"EMSProtocol.procedures.medicationAdministration.medication","EMSProtocol.procedures.medicationAdministration.medication","","","",1,1,"","","","BackboneElement {[]} {[]}
","Medikament","Medikament","","","","","","","","","",,,,,"",,,,"EMSProtocol.procedures.medicationAdministration.medication",1,1,"","ele-1:All FHIR elements must have a @value or children {hasValue() or (children().count() > id.count())}
"
"EMSProtocol.procedures.medicationAdministration.medication.id","EMSProtocol.procedures.medicationAdministration.medication.id","","","",0,1,"","","","string {[]} {[]}
","Unique id for inter-element referencing","Unique id for the element within a resource (for internal references). This may be any string value that does not contain spaces.","","","","","","","","","",,,,,"",,,,"Element.id",0,1,"",""
"EMSProtocol.procedures.medicationAdministration.medication.extension","EMSProtocol.procedures.medicationAdministration.medication.extension","","extensions
user content","",0,*,"","","","Extension {[]} {[]}
","Additional content defined by implementations","May be used to represent additional information that is not part of the basic definition of the element. To make the use of extensions safe and manageable, there is a strict set of governance  applied to the definition and use of extensions. Though any implementer can define an extension, there is a set of requirements that SHALL be met as part of the definition of the extension.","There can be no stigma associated with the use of extensions by any application, project, or standard - regardless of the institution or jurisdiction that uses or defines the extensions.  The use of extensions is what allows the FHIR specification to retain a core level of simplicity for everyone.","","","","","","","","",,,,,"","value:url}
","Extensions are always sliced by (at least) url",,"open","Element.extension",0,*,"","ele-1:All FHIR elements must have a @value or children {hasValue() or (children().count() > id.count())}
ext-1:Must have either extensions or value[x], not both {extension.exists() != value.exists()}"
"EMSProtocol.procedures.medicationAdministration.medication.modifierExtension","EMSProtocol.procedures.medicationAdministration.medication.modifierExtension","","extensions
user contentmodifiers","",0,*,"","Y","Y","Extension {[]} {[]}
","Extensions that cannot be ignored even if unrecognized","May be used to represent additional information that is not part of the basic definition of the element and that modifies the understanding of the element in which it is contained and/or the understanding of the containing element's descendants. Usually modifier elements provide negation or qualification. To make the use of extensions safe and manageable, there is a strict set of governance applied to the definition and use of extensions. Though any implementer can define an extension, there is a set of requirements that SHALL be met as part of the definition of the extension. Applications processing a resource are required to check for modifier extensions.

Modifier extensions SHALL NOT change the meaning of any elements on Resource or DomainResource (including cannot change the meaning of modifierExtension itself).","There can be no stigma associated with the use of extensions by any application, project, or standard - regardless of the institution or jurisdiction that uses or defines the extensions.  The use of extensions is what allows the FHIR specification to retain a core level of simplicity for everyone.","Modifier extensions allow for extensions that *cannot* be safely ignored to be clearly distinguished from the vast majority of extensions which can be safely ignored.  This promotes interoperability by eliminating the need for implementers to prohibit the presence of extensions. For further information, see the [definition of modifier extensions](http://hl7.org/fhir/R4/extensibility.html#modifierExtension).","","","","","","","",,,,,"",,,,"BackboneElement.modifierExtension",0,*,"","ele-1:All FHIR elements must have a @value or children {hasValue() or (children().count() > id.count())}
ext-1:Must have either extensions or value[x], not both {extension.exists() != value.exists()}"
"EMSProtocol.procedures.medicationAdministration.medication.product","EMSProtocol.procedures.medicationAdministration.medication.product","","","",0,1,"","","","CodeableConcept {[]} {[]}
","Präparat","Präparat","","","","","","","","","",,,,,"",,,,"EMSProtocol.procedures.medicationAdministration.medication.product",0,1,"","ele-1:All FHIR elements must have a @value or children {hasValue() or (children().count() > id.count())}
"
"EMSProtocol.procedures.medicationAdministration.medication.product.id","EMSProtocol.procedures.medicationAdministration.medication.product.id","","","",0,1,"","","","string {[]} {[]}
","Unique id for inter-element referencing","Unique id for the element within a resource (for internal references). This may be any string value that does not contain spaces.","","","","","","","","","",,,,,"",,,,"Element.id",0,1,"",""
"EMSProtocol.procedures.medicationAdministration.medication.product.extension","EMSProtocol.procedures.medicationAdministration.medication.product.extension","","extensions
user content","",0,*,"","","","Extension {[]} {[]}
","Additional content defined by implementations","May be used to represent additional information that is not part of the basic definition of the element. To make the use of extensions safe and manageable, there is a strict set of governance  applied to the definition and use of extensions. Though any implementer can define an extension, there is a set of requirements that SHALL be met as part of the definition of the extension.","There can be no stigma associated with the use of extensions by any application, project, or standard - regardless of the institution or jurisdiction that uses or defines the extensions.  The use of extensions is what allows the FHIR specification to retain a core level of simplicity for everyone.","","","","","","","","",,,,,"","value:url}
","Extensions are always sliced by (at least) url",,"open","Element.extension",0,*,"","ele-1:All FHIR elements must have a @value or children {hasValue() or (children().count() > id.count())}
ext-1:Must have either extensions or value[x], not both {extension.exists() != value.exists()}"
"EMSProtocol.procedures.medicationAdministration.medication.product.coding","EMSProtocol.procedures.medicationAdministration.medication.product.coding","","","",0,*,"","","Y","Coding {[]} {[]}
","Code defined by a terminology system","A reference to a code defined by a terminology system.","Codes may be defined very casually in enumerations, or code lists, up to very formal definitions such as SNOMED CT - see the HL7 v3 Core Principles for more information.  Ordering of codings is undefined and SHALL NOT be used to infer meaning. Generally, at most only one of the coding values will be labeled as UserSelected = true.","Allows for alternative encodings within a code system, and translations to other code systems.","","","","","","","",,,,,"",,,,"CodeableConcept.coding",0,*,"","ele-1:All FHIR elements must have a @value or children {hasValue() or (children().count() > id.count())}
"
"EMSProtocol.procedures.medicationAdministration.medication.product.text","EMSProtocol.procedures.medicationAdministration.medication.product.text","","","",0,1,"","","Y","string {[]} {[]}
","Plain text representation of the concept","A human language representation of the concept as seen/selected/uttered by the user who entered the data and/or which represents the intended meaning of the user.","Very often the text is the same as a displayName of one of the codings.","The codes from the terminologies do not always capture the correct meaning with all the nuances of the human using them, or sometimes there is no appropriate code at all. In these cases, the text is used to capture the full meaning of the source.","","","","","","","",,,,,"",,,,"CodeableConcept.text",0,1,"","ele-1:All FHIR elements must have a @value or children {hasValue() or (children().count() > id.count())}
"
"EMSProtocol.procedures.medicationAdministration.medication.product.gtin","EMSProtocol.procedures.medicationAdministration.medication.product.gtin","","","",0,1,"","","","Coding {[]} {[]}
","GTIN (Global Trade Item Number (GS1)) für Schweizer Produkte","GTIN (Global Trade Item Number (GS1)) für Schweizer Produkte","","","","","","","","","",,,,,"",,,,"EMSProtocol.procedures.medicationAdministration.medication.product.gtin",0,1,"",""
"EMSProtocol.procedures.medicationAdministration.medication.product.atc","EMSProtocol.procedures.medicationAdministration.medication.product.atc","","","",0,1,"","","","Coding {[]} {[]}
","ATC (Anatomical Therapeutic Chemical Classification) für ausländische Produkte","ATC (Anatomical Therapeutic Chemical Classification) für ausländische Produkte","","","","","","","","","",,,,,"",,,,"EMSProtocol.procedures.medicationAdministration.medication.product.atc",0,1,"",""
"EMSProtocol.procedures.medicationAdministration.medication.product.freeText","EMSProtocol.procedures.medicationAdministration.medication.product.freeText","","","",0,1,"","","","string {[]} {[]}
","Präparatenname","Präparatenname","","","","","","","","","",,,,,"",,,,"EMSProtocol.procedures.medicationAdministration.medication.product.freeText",0,1,"",""
"EMSProtocol.procedures.medicationAdministration.medication.ingredient","EMSProtocol.procedures.medicationAdministration.medication.ingredient","","","",0,*,"","","","CodeableConcept {[]} {[]}
","Wirkstoff","Wirkstoff","","","","","","","","","",,"preferred","HL7.ch VS (SCT)","http://fhir.ch/ig/ch-term/ValueSet/ActivePharmaceuticalIngredient","",,,,"EMSProtocol.procedures.medicationAdministration.medication.ingredient",0,*,"",""
"EMSProtocol.procedures.medicationAdministration.medication.galenicForm","EMSProtocol.procedures.medicationAdministration.medication.galenicForm","","","",0,1,"","","","CodeableConcept {[]} {[]}
","Galenische Form","Galenische Form","","","","","","","","","",,"preferred","HL7.ch VS (EDQM)","http://fhir.ch/ig/ch-term/ValueSet/edqm-pharmaceuticaldoseform","",,,,"EMSProtocol.procedures.medicationAdministration.medication.galenicForm",0,1,"",""
"EMSProtocol.procedures.medicationAdministration.medication.packageSize","EMSProtocol.procedures.medicationAdministration.medication.packageSize","","","",0,1,"","","","CodeableConcept {[]} {[]}
","Packungsgrösse","Packungsgrösse","","","","","","","","","",,"preferred","HL7.ch VS (EDQM)","http://fhir.ch/ig/ch-term/ValueSet/edqm-pharmaceuticaldoseform","",,,,"EMSProtocol.procedures.medicationAdministration.medication.packageSize",0,1,"",""
"EMSProtocol.procedures.medicationAdministration.dose","EMSProtocol.procedures.medicationAdministration.dose","","","",0,1,"","","","Quantity {[]} {[]}
","Dosis","Dosis","","","","","","","","","",,,,,"",,,,"EMSProtocol.procedures.medicationAdministration.dose",0,1,"",""
"EMSProtocol.procedures.medicationAdministration.timing","EMSProtocol.procedures.medicationAdministration.timing","","","",1,1,"","","","BackboneElement {[]} {[]}
","Zeitangabe zur Verabreichung","Zeitangabe zur Verabreichung","","","","","","","","","",,,,,"",,,,"EMSProtocol.procedures.medicationAdministration.timing",1,1,"","ele-1:All FHIR elements must have a @value or children {hasValue() or (children().count() > id.count())}
"
"EMSProtocol.procedures.medicationAdministration.timing.id","EMSProtocol.procedures.medicationAdministration.timing.id","","","",0,1,"","","","string {[]} {[]}
","Unique id for inter-element referencing","Unique id for the element within a resource (for internal references). This may be any string value that does not contain spaces.","","","","","","","","","",,,,,"",,,,"Element.id",0,1,"",""
"EMSProtocol.procedures.medicationAdministration.timing.extension","EMSProtocol.procedures.medicationAdministration.timing.extension","","extensions
user content","",0,*,"","","","Extension {[]} {[]}
","Additional content defined by implementations","May be used to represent additional information that is not part of the basic definition of the element. To make the use of extensions safe and manageable, there is a strict set of governance  applied to the definition and use of extensions. Though any implementer can define an extension, there is a set of requirements that SHALL be met as part of the definition of the extension.","There can be no stigma associated with the use of extensions by any application, project, or standard - regardless of the institution or jurisdiction that uses or defines the extensions.  The use of extensions is what allows the FHIR specification to retain a core level of simplicity for everyone.","","","","","","","","",,,,,"","value:url}
","Extensions are always sliced by (at least) url",,"open","Element.extension",0,*,"","ele-1:All FHIR elements must have a @value or children {hasValue() or (children().count() > id.count())}
ext-1:Must have either extensions or value[x], not both {extension.exists() != value.exists()}"
"EMSProtocol.procedures.medicationAdministration.timing.modifierExtension","EMSProtocol.procedures.medicationAdministration.timing.modifierExtension","","extensions
user contentmodifiers","",0,*,"","Y","Y","Extension {[]} {[]}
","Extensions that cannot be ignored even if unrecognized","May be used to represent additional information that is not part of the basic definition of the element and that modifies the understanding of the element in which it is contained and/or the understanding of the containing element's descendants. Usually modifier elements provide negation or qualification. To make the use of extensions safe and manageable, there is a strict set of governance applied to the definition and use of extensions. Though any implementer can define an extension, there is a set of requirements that SHALL be met as part of the definition of the extension. Applications processing a resource are required to check for modifier extensions.

Modifier extensions SHALL NOT change the meaning of any elements on Resource or DomainResource (including cannot change the meaning of modifierExtension itself).","There can be no stigma associated with the use of extensions by any application, project, or standard - regardless of the institution or jurisdiction that uses or defines the extensions.  The use of extensions is what allows the FHIR specification to retain a core level of simplicity for everyone.","Modifier extensions allow for extensions that *cannot* be safely ignored to be clearly distinguished from the vast majority of extensions which can be safely ignored.  This promotes interoperability by eliminating the need for implementers to prohibit the presence of extensions. For further information, see the [definition of modifier extensions](http://hl7.org/fhir/R4/extensibility.html#modifierExtension).","","","","","","","",,,,,"",,,,"BackboneElement.modifierExtension",0,*,"","ele-1:All FHIR elements must have a @value or children {hasValue() or (children().count() > id.count())}
ext-1:Must have either extensions or value[x], not both {extension.exists() != value.exists()}"
"EMSProtocol.procedures.medicationAdministration.timing.time","EMSProtocol.procedures.medicationAdministration.timing.time","","","",0,1,"","","","dateTime {[]} {[]}
","Verabreichungszeitpunkt","Verabreichungszeitpunkt","","","","","","","","","",,,,,"",,,,"EMSProtocol.procedures.medicationAdministration.timing.time",0,1,"",""
"EMSProtocol.procedures.medicationAdministration.timing.period","EMSProtocol.procedures.medicationAdministration.timing.period","","","",0,1,"","","","Period {[]} {[]}
","Verabreichungszeitraum","Verabreichungszeitraum","","","","","","","","","",,,,,"",,,,"EMSProtocol.procedures.medicationAdministration.timing.period",0,1,"",""
"EMSProtocol.procedures.medicationAdministration.routeOfAdministration","EMSProtocol.procedures.medicationAdministration.routeOfAdministration","","","",0,1,"","","","CodeableConcept {[]} {[]}
","Verabreichungsweg","Verabreichungsweg","","","","","","","","","",,"preferred","HL7.ch VS (EDQM)","http://fhir.ch/ig/ch-term/ValueSet/edqm-routeofadministration","",,,,"EMSProtocol.procedures.medicationAdministration.routeOfAdministration",0,1,"",""
"EMSProtocol.procedures.medicationAdministration.methodOfAdministration","EMSProtocol.procedures.medicationAdministration.methodOfAdministration","","","",0,1,"","","","CodeableConcept {[]} {[]}
","Verabreichungsmethode","Verabreichungsmethode","","","","","","","","","",,"preferred","","http://fhir.ch/ig/ch-term/ValueSet/edqm-administrationmethod","",,,,"EMSProtocol.procedures.medicationAdministration.methodOfAdministration",0,1,"",""
"EMSProtocol.procedures.medicationAdministration.reason","EMSProtocol.procedures.medicationAdministration.reason","","","",0,1,"","","","string {[]} {[]}
","Behandlungsgrund","Behandlungsgrund","","","","","","","","","",,,,,"",,,,"EMSProtocol.procedures.medicationAdministration.reason",0,1,"",""
"EMSProtocol.procedures.woundTreatment","EMSProtocol.procedures.woundTreatment","","","",0,*,"","","","CodeableConcept {[]} {[]}
","Wundbehandlung","Wundbehandlung","","","","","","","","","",,"extensible","IVR VS (SCT)","http://fhir.ch/ig/ch-ems/ValueSet/IVR-VS-woundTreat","",,,,"EMSProtocol.procedures.woundTreatment",0,*,"",""
"EMSProtocol.procedures.airway","EMSProtocol.procedures.airway","","","",0,1,"","","","BackboneElement {[]} {[]}
","A: Atemwege","A: Atemwege","","","","","","","","","",,,,,"",,,,"EMSProtocol.procedures.airway",0,1,"","ele-1:All FHIR elements must have a @value or children {hasValue() or (children().count() > id.count())}
"
"EMSProtocol.procedures.airway.id","EMSProtocol.procedures.airway.id","","","",0,1,"","","","string {[]} {[]}
","Unique id for inter-element referencing","Unique id for the element within a resource (for internal references). This may be any string value that does not contain spaces.","","","","","","","","","",,,,,"",,,,"Element.id",0,1,"",""
"EMSProtocol.procedures.airway.extension","EMSProtocol.procedures.airway.extension","","extensions
user content","",0,*,"","","","Extension {[]} {[]}
","Additional content defined by implementations","May be used to represent additional information that is not part of the basic definition of the element. To make the use of extensions safe and manageable, there is a strict set of governance  applied to the definition and use of extensions. Though any implementer can define an extension, there is a set of requirements that SHALL be met as part of the definition of the extension.","There can be no stigma associated with the use of extensions by any application, project, or standard - regardless of the institution or jurisdiction that uses or defines the extensions.  The use of extensions is what allows the FHIR specification to retain a core level of simplicity for everyone.","","","","","","","","",,,,,"","value:url}
","Extensions are always sliced by (at least) url",,"open","Element.extension",0,*,"","ele-1:All FHIR elements must have a @value or children {hasValue() or (children().count() > id.count())}
ext-1:Must have either extensions or value[x], not both {extension.exists() != value.exists()}"
"EMSProtocol.procedures.airway.modifierExtension","EMSProtocol.procedures.airway.modifierExtension","","extensions
user contentmodifiers","",0,*,"","Y","Y","Extension {[]} {[]}
","Extensions that cannot be ignored even if unrecognized","May be used to represent additional information that is not part of the basic definition of the element and that modifies the understanding of the element in which it is contained and/or the understanding of the containing element's descendants. Usually modifier elements provide negation or qualification. To make the use of extensions safe and manageable, there is a strict set of governance applied to the definition and use of extensions. Though any implementer can define an extension, there is a set of requirements that SHALL be met as part of the definition of the extension. Applications processing a resource are required to check for modifier extensions.

Modifier extensions SHALL NOT change the meaning of any elements on Resource or DomainResource (including cannot change the meaning of modifierExtension itself).","There can be no stigma associated with the use of extensions by any application, project, or standard - regardless of the institution or jurisdiction that uses or defines the extensions.  The use of extensions is what allows the FHIR specification to retain a core level of simplicity for everyone.","Modifier extensions allow for extensions that *cannot* be safely ignored to be clearly distinguished from the vast majority of extensions which can be safely ignored.  This promotes interoperability by eliminating the need for implementers to prohibit the presence of extensions. For further information, see the [definition of modifier extensions](http://hl7.org/fhir/R4/extensibility.html#modifierExtension).","","","","","","","",,,,,"",,,,"BackboneElement.modifierExtension",0,*,"","ele-1:All FHIR elements must have a @value or children {hasValue() or (children().count() > id.count())}
ext-1:Must have either extensions or value[x], not both {extension.exists() != value.exists()}"
"EMSProtocol.procedures.airway.intervention","EMSProtocol.procedures.airway.intervention","","","",0,*,"","","","CodeableConcept {[]} {[]}
","Atemwegsintervention","Atemwegsintervention","","","","","","","","","",,"extensible","IVR VS (SCT)","http://fhir.ch/ig/ch-ems/ValueSet/IVR-VS-procAirType","",,,,"EMSProtocol.procedures.airway.intervention",0,*,"",""
"EMSProtocol.procedures.breathing","EMSProtocol.procedures.breathing","","","",0,1,"","","","BackboneElement {[]} {[]}
","B: Atmung","B: Atmung","","","","","","","","","",,,,,"",,,,"EMSProtocol.procedures.breathing",0,1,"","ele-1:All FHIR elements must have a @value or children {hasValue() or (children().count() > id.count())}
"
"EMSProtocol.procedures.breathing.id","EMSProtocol.procedures.breathing.id","","","",0,1,"","","","string {[]} {[]}
","Unique id for inter-element referencing","Unique id for the element within a resource (for internal references). This may be any string value that does not contain spaces.","","","","","","","","","",,,,,"",,,,"Element.id",0,1,"",""
"EMSProtocol.procedures.breathing.extension","EMSProtocol.procedures.breathing.extension","","extensions
user content","",0,*,"","","","Extension {[]} {[]}
","Additional content defined by implementations","May be used to represent additional information that is not part of the basic definition of the element. To make the use of extensions safe and manageable, there is a strict set of governance  applied to the definition and use of extensions. Though any implementer can define an extension, there is a set of requirements that SHALL be met as part of the definition of the extension.","There can be no stigma associated with the use of extensions by any application, project, or standard - regardless of the institution or jurisdiction that uses or defines the extensions.  The use of extensions is what allows the FHIR specification to retain a core level of simplicity for everyone.","","","","","","","","",,,,,"","value:url}
","Extensions are always sliced by (at least) url",,"open","Element.extension",0,*,"","ele-1:All FHIR elements must have a @value or children {hasValue() or (children().count() > id.count())}
ext-1:Must have either extensions or value[x], not both {extension.exists() != value.exists()}"
"EMSProtocol.procedures.breathing.modifierExtension","EMSProtocol.procedures.breathing.modifierExtension","","extensions
user contentmodifiers","",0,*,"","Y","Y","Extension {[]} {[]}
","Extensions that cannot be ignored even if unrecognized","May be used to represent additional information that is not part of the basic definition of the element and that modifies the understanding of the element in which it is contained and/or the understanding of the containing element's descendants. Usually modifier elements provide negation or qualification. To make the use of extensions safe and manageable, there is a strict set of governance applied to the definition and use of extensions. Though any implementer can define an extension, there is a set of requirements that SHALL be met as part of the definition of the extension. Applications processing a resource are required to check for modifier extensions.

Modifier extensions SHALL NOT change the meaning of any elements on Resource or DomainResource (including cannot change the meaning of modifierExtension itself).","There can be no stigma associated with the use of extensions by any application, project, or standard - regardless of the institution or jurisdiction that uses or defines the extensions.  The use of extensions is what allows the FHIR specification to retain a core level of simplicity for everyone.","Modifier extensions allow for extensions that *cannot* be safely ignored to be clearly distinguished from the vast majority of extensions which can be safely ignored.  This promotes interoperability by eliminating the need for implementers to prohibit the presence of extensions. For further information, see the [definition of modifier extensions](http://hl7.org/fhir/R4/extensibility.html#modifierExtension).","","","","","","","",,,,,"",,,,"BackboneElement.modifierExtension",0,*,"","ele-1:All FHIR elements must have a @value or children {hasValue() or (children().count() > id.count())}
ext-1:Must have either extensions or value[x], not both {extension.exists() != value.exists()}"
"EMSProtocol.procedures.breathing.intervention","EMSProtocol.procedures.breathing.intervention","","","",0,*,"","","","CodeableConcept {[]} {[]}
","Beatmung","Beatmung","","","","","","","","","",,"extensible","IVR VS (SCT & IVR)","http://fhir.ch/ig/ch-ems/ValueSet/IVR-VS-ventilation","",,,,"EMSProtocol.procedures.breathing.intervention",0,*,"",""
"EMSProtocol.procedures.circulation","EMSProtocol.procedures.circulation","","","",0,1,"","","","BackboneElement {[]} {[]}
","C: Kreislauf","C: Kreislauf","","","","","","","","","",,,,,"",,,,"EMSProtocol.procedures.circulation",0,1,"","ele-1:All FHIR elements must have a @value or children {hasValue() or (children().count() > id.count())}
"
"EMSProtocol.procedures.circulation.id","EMSProtocol.procedures.circulation.id","","","",0,1,"","","","string {[]} {[]}
","Unique id for inter-element referencing","Unique id for the element within a resource (for internal references). This may be any string value that does not contain spaces.","","","","","","","","","",,,,,"",,,,"Element.id",0,1,"",""
"EMSProtocol.procedures.circulation.extension","EMSProtocol.procedures.circulation.extension","","extensions
user content","",0,*,"","","","Extension {[]} {[]}
","Additional content defined by implementations","May be used to represent additional information that is not part of the basic definition of the element. To make the use of extensions safe and manageable, there is a strict set of governance  applied to the definition and use of extensions. Though any implementer can define an extension, there is a set of requirements that SHALL be met as part of the definition of the extension.","There can be no stigma associated with the use of extensions by any application, project, or standard - regardless of the institution or jurisdiction that uses or defines the extensions.  The use of extensions is what allows the FHIR specification to retain a core level of simplicity for everyone.","","","","","","","","",,,,,"","value:url}
","Extensions are always sliced by (at least) url",,"open","Element.extension",0,*,"","ele-1:All FHIR elements must have a @value or children {hasValue() or (children().count() > id.count())}
ext-1:Must have either extensions or value[x], not both {extension.exists() != value.exists()}"
"EMSProtocol.procedures.circulation.modifierExtension","EMSProtocol.procedures.circulation.modifierExtension","","extensions
user contentmodifiers","",0,*,"","Y","Y","Extension {[]} {[]}
","Extensions that cannot be ignored even if unrecognized","May be used to represent additional information that is not part of the basic definition of the element and that modifies the understanding of the element in which it is contained and/or the understanding of the containing element's descendants. Usually modifier elements provide negation or qualification. To make the use of extensions safe and manageable, there is a strict set of governance applied to the definition and use of extensions. Though any implementer can define an extension, there is a set of requirements that SHALL be met as part of the definition of the extension. Applications processing a resource are required to check for modifier extensions.

Modifier extensions SHALL NOT change the meaning of any elements on Resource or DomainResource (including cannot change the meaning of modifierExtension itself).","There can be no stigma associated with the use of extensions by any application, project, or standard - regardless of the institution or jurisdiction that uses or defines the extensions.  The use of extensions is what allows the FHIR specification to retain a core level of simplicity for everyone.","Modifier extensions allow for extensions that *cannot* be safely ignored to be clearly distinguished from the vast majority of extensions which can be safely ignored.  This promotes interoperability by eliminating the need for implementers to prohibit the presence of extensions. For further information, see the [definition of modifier extensions](http://hl7.org/fhir/R4/extensibility.html#modifierExtension).","","","","","","","",,,,,"",,,,"BackboneElement.modifierExtension",0,*,"","ele-1:All FHIR elements must have a @value or children {hasValue() or (children().count() > id.count())}
ext-1:Must have either extensions or value[x], not both {extension.exists() != value.exists()}"
"EMSProtocol.procedures.circulation.intervention","EMSProtocol.procedures.circulation.intervention","","","",0,*,"","","","CodeableConcept {[]} {[]}
","Intervention bei Kreislaufproblematik","Intervention bei Kreislaufproblematik","","","","","","","","","",,,,,"",,,,"EMSProtocol.procedures.circulation.intervention",0,*,"",""
"EMSProtocol.procedures.disability","EMSProtocol.procedures.disability","","","",0,1,"","","","BackboneElement {[]} {[]}
","D: Defizit, neurologisches","D: Defizit, neurologisches","","","","","","","","","",,,,,"",,,,"EMSProtocol.procedures.disability",0,1,"","ele-1:All FHIR elements must have a @value or children {hasValue() or (children().count() > id.count())}
"
"EMSProtocol.procedures.disability.id","EMSProtocol.procedures.disability.id","","","",0,1,"","","","string {[]} {[]}
","Unique id for inter-element referencing","Unique id for the element within a resource (for internal references). This may be any string value that does not contain spaces.","","","","","","","","","",,,,,"",,,,"Element.id",0,1,"",""
"EMSProtocol.procedures.disability.extension","EMSProtocol.procedures.disability.extension","","extensions
user content","",0,*,"","","","Extension {[]} {[]}
","Additional content defined by implementations","May be used to represent additional information that is not part of the basic definition of the element. To make the use of extensions safe and manageable, there is a strict set of governance  applied to the definition and use of extensions. Though any implementer can define an extension, there is a set of requirements that SHALL be met as part of the definition of the extension.","There can be no stigma associated with the use of extensions by any application, project, or standard - regardless of the institution or jurisdiction that uses or defines the extensions.  The use of extensions is what allows the FHIR specification to retain a core level of simplicity for everyone.","","","","","","","","",,,,,"","value:url}
","Extensions are always sliced by (at least) url",,"open","Element.extension",0,*,"","ele-1:All FHIR elements must have a @value or children {hasValue() or (children().count() > id.count())}
ext-1:Must have either extensions or value[x], not both {extension.exists() != value.exists()}"
"EMSProtocol.procedures.disability.modifierExtension","EMSProtocol.procedures.disability.modifierExtension","","extensions
user contentmodifiers","",0,*,"","Y","Y","Extension {[]} {[]}
","Extensions that cannot be ignored even if unrecognized","May be used to represent additional information that is not part of the basic definition of the element and that modifies the understanding of the element in which it is contained and/or the understanding of the containing element's descendants. Usually modifier elements provide negation or qualification. To make the use of extensions safe and manageable, there is a strict set of governance applied to the definition and use of extensions. Though any implementer can define an extension, there is a set of requirements that SHALL be met as part of the definition of the extension. Applications processing a resource are required to check for modifier extensions.

Modifier extensions SHALL NOT change the meaning of any elements on Resource or DomainResource (including cannot change the meaning of modifierExtension itself).","There can be no stigma associated with the use of extensions by any application, project, or standard - regardless of the institution or jurisdiction that uses or defines the extensions.  The use of extensions is what allows the FHIR specification to retain a core level of simplicity for everyone.","Modifier extensions allow for extensions that *cannot* be safely ignored to be clearly distinguished from the vast majority of extensions which can be safely ignored.  This promotes interoperability by eliminating the need for implementers to prohibit the presence of extensions. For further information, see the [definition of modifier extensions](http://hl7.org/fhir/R4/extensibility.html#modifierExtension).","","","","","","","",,,,,"",,,,"BackboneElement.modifierExtension",0,*,"","ele-1:All FHIR elements must have a @value or children {hasValue() or (children().count() > id.count())}
ext-1:Must have either extensions or value[x], not both {extension.exists() != value.exists()}"
"EMSProtocol.procedures.disability.intervention","EMSProtocol.procedures.disability.intervention","","","",0,*,"","","","CodeableConcept {[]} {[]}
","Intervention bei neurologischer Beeinträchtigung","Intervention bei neurologischer Beeinträchtigung","","","","","","","","","",,,,,"",,,,"EMSProtocol.procedures.disability.intervention",0,*,"",""
"EMSProtocol.procedures.exposure","EMSProtocol.procedures.exposure","","","",0,1,"","","","BackboneElement {[]} {[]}
","E: Exposition","E: Exposition","","","","","","","","","",,,,,"",,,,"EMSProtocol.procedures.exposure",0,1,"","ele-1:All FHIR elements must have a @value or children {hasValue() or (children().count() > id.count())}
"
"EMSProtocol.procedures.exposure.id","EMSProtocol.procedures.exposure.id","","","",0,1,"","","","string {[]} {[]}
","Unique id for inter-element referencing","Unique id for the element within a resource (for internal references). This may be any string value that does not contain spaces.","","","","","","","","","",,,,,"",,,,"Element.id",0,1,"",""
"EMSProtocol.procedures.exposure.extension","EMSProtocol.procedures.exposure.extension","","extensions
user content","",0,*,"","","","Extension {[]} {[]}
","Additional content defined by implementations","May be used to represent additional information that is not part of the basic definition of the element. To make the use of extensions safe and manageable, there is a strict set of governance  applied to the definition and use of extensions. Though any implementer can define an extension, there is a set of requirements that SHALL be met as part of the definition of the extension.","There can be no stigma associated with the use of extensions by any application, project, or standard - regardless of the institution or jurisdiction that uses or defines the extensions.  The use of extensions is what allows the FHIR specification to retain a core level of simplicity for everyone.","","","","","","","","",,,,,"","value:url}
","Extensions are always sliced by (at least) url",,"open","Element.extension",0,*,"","ele-1:All FHIR elements must have a @value or children {hasValue() or (children().count() > id.count())}
ext-1:Must have either extensions or value[x], not both {extension.exists() != value.exists()}"
"EMSProtocol.procedures.exposure.modifierExtension","EMSProtocol.procedures.exposure.modifierExtension","","extensions
user contentmodifiers","",0,*,"","Y","Y","Extension {[]} {[]}
","Extensions that cannot be ignored even if unrecognized","May be used to represent additional information that is not part of the basic definition of the element and that modifies the understanding of the element in which it is contained and/or the understanding of the containing element's descendants. Usually modifier elements provide negation or qualification. To make the use of extensions safe and manageable, there is a strict set of governance applied to the definition and use of extensions. Though any implementer can define an extension, there is a set of requirements that SHALL be met as part of the definition of the extension. Applications processing a resource are required to check for modifier extensions.

Modifier extensions SHALL NOT change the meaning of any elements on Resource or DomainResource (including cannot change the meaning of modifierExtension itself).","There can be no stigma associated with the use of extensions by any application, project, or standard - regardless of the institution or jurisdiction that uses or defines the extensions.  The use of extensions is what allows the FHIR specification to retain a core level of simplicity for everyone.","Modifier extensions allow for extensions that *cannot* be safely ignored to be clearly distinguished from the vast majority of extensions which can be safely ignored.  This promotes interoperability by eliminating the need for implementers to prohibit the presence of extensions. For further information, see the [definition of modifier extensions](http://hl7.org/fhir/R4/extensibility.html#modifierExtension).","","","","","","","",,,,,"",,,,"BackboneElement.modifierExtension",0,*,"","ele-1:All FHIR elements must have a @value or children {hasValue() or (children().count() > id.count())}
ext-1:Must have either extensions or value[x], not both {extension.exists() != value.exists()}"
"EMSProtocol.procedures.exposure.intervention","EMSProtocol.procedures.exposure.intervention","","","",0,*,"","","","CodeableConcept {[]} {[]}
","Intervention bei Exposition","Intervention bei Exposition","","","","","","","","","",,,,,"",,,,"EMSProtocol.procedures.exposure.intervention",0,*,"",""
"EMSProtocol.eventOfDeath","EMSProtocol.eventOfDeath","","","",0,1,"","","","BackboneElement {[]} {[]}
","Todesfall","Todesfall","","","","","","","","","",,,,,"",,,,"EMSProtocol.eventOfDeath",0,1,"","ele-1:All FHIR elements must have a @value or children {hasValue() or (children().count() > id.count())}
"
"EMSProtocol.eventOfDeath.id","EMSProtocol.eventOfDeath.id","","","",0,1,"","","","string {[]} {[]}
","Unique id for inter-element referencing","Unique id for the element within a resource (for internal references). This may be any string value that does not contain spaces.","","","","","","","","","",,,,,"",,,,"Element.id",0,1,"",""
"EMSProtocol.eventOfDeath.extension","EMSProtocol.eventOfDeath.extension","","extensions
user content","",0,*,"","","","Extension {[]} {[]}
","Additional content defined by implementations","May be used to represent additional information that is not part of the basic definition of the element. To make the use of extensions safe and manageable, there is a strict set of governance  applied to the definition and use of extensions. Though any implementer can define an extension, there is a set of requirements that SHALL be met as part of the definition of the extension.","There can be no stigma associated with the use of extensions by any application, project, or standard - regardless of the institution or jurisdiction that uses or defines the extensions.  The use of extensions is what allows the FHIR specification to retain a core level of simplicity for everyone.","","","","","","","","",,,,,"","value:url}
","Extensions are always sliced by (at least) url",,"open","Element.extension",0,*,"","ele-1:All FHIR elements must have a @value or children {hasValue() or (children().count() > id.count())}
ext-1:Must have either extensions or value[x], not both {extension.exists() != value.exists()}"
"EMSProtocol.eventOfDeath.modifierExtension","EMSProtocol.eventOfDeath.modifierExtension","","extensions
user contentmodifiers","",0,*,"","Y","Y","Extension {[]} {[]}
","Extensions that cannot be ignored even if unrecognized","May be used to represent additional information that is not part of the basic definition of the element and that modifies the understanding of the element in which it is contained and/or the understanding of the containing element's descendants. Usually modifier elements provide negation or qualification. To make the use of extensions safe and manageable, there is a strict set of governance applied to the definition and use of extensions. Though any implementer can define an extension, there is a set of requirements that SHALL be met as part of the definition of the extension. Applications processing a resource are required to check for modifier extensions.

Modifier extensions SHALL NOT change the meaning of any elements on Resource or DomainResource (including cannot change the meaning of modifierExtension itself).","There can be no stigma associated with the use of extensions by any application, project, or standard - regardless of the institution or jurisdiction that uses or defines the extensions.  The use of extensions is what allows the FHIR specification to retain a core level of simplicity for everyone.","Modifier extensions allow for extensions that *cannot* be safely ignored to be clearly distinguished from the vast majority of extensions which can be safely ignored.  This promotes interoperability by eliminating the need for implementers to prohibit the presence of extensions. For further information, see the [definition of modifier extensions](http://hl7.org/fhir/R4/extensibility.html#modifierExtension).","","","","","","","",,,,,"",,,,"BackboneElement.modifierExtension",0,*,"","ele-1:All FHIR elements must have a @value or children {hasValue() or (children().count() > id.count())}
ext-1:Must have either extensions or value[x], not both {extension.exists() != value.exists()}"
"EMSProtocol.eventOfDeath.deathManner","EMSProtocol.eventOfDeath.deathManner","","","",0,1,"","","","CodeableConcept {[]} {[]}
","Todesart","Todesart","","","","","","","","","",,"extensible","IVR VS (SCT)","http://fhir.ch/ig/ch-ems/ValueSet/IVR-VS-deathManner","",,,,"EMSProtocol.eventOfDeath.deathManner",0,1,"",""
"EMSProtocol.transport","EMSProtocol.transport","","","",0,1,"","","","string {[]} {[]}
","Transport","Transport","","","","","","","","","",,,,,"",,,,"EMSProtocol.transport",0,1,"",""
"EMSProtocol.handover","EMSProtocol.handover","","","",0,1,"","","","BackboneElement {[]} {[]}
","Übergabe","Übergabe","","","","","","","","","",,,,,"",,,,"EMSProtocol.handover",0,1,"","ele-1:All FHIR elements must have a @value or children {hasValue() or (children().count() > id.count())}
"
"EMSProtocol.handover.id","EMSProtocol.handover.id","","","",0,1,"","","","string {[]} {[]}
","Unique id for inter-element referencing","Unique id for the element within a resource (for internal references). This may be any string value that does not contain spaces.","","","","","","","","","",,,,,"",,,,"Element.id",0,1,"",""
"EMSProtocol.handover.extension","EMSProtocol.handover.extension","","extensions
user content","",0,*,"","","","Extension {[]} {[]}
","Additional content defined by implementations","May be used to represent additional information that is not part of the basic definition of the element. To make the use of extensions safe and manageable, there is a strict set of governance  applied to the definition and use of extensions. Though any implementer can define an extension, there is a set of requirements that SHALL be met as part of the definition of the extension.","There can be no stigma associated with the use of extensions by any application, project, or standard - regardless of the institution or jurisdiction that uses or defines the extensions.  The use of extensions is what allows the FHIR specification to retain a core level of simplicity for everyone.","","","","","","","","",,,,,"","value:url}
","Extensions are always sliced by (at least) url",,"open","Element.extension",0,*,"","ele-1:All FHIR elements must have a @value or children {hasValue() or (children().count() > id.count())}
ext-1:Must have either extensions or value[x], not both {extension.exists() != value.exists()}"
"EMSProtocol.handover.modifierExtension","EMSProtocol.handover.modifierExtension","","extensions
user contentmodifiers","",0,*,"","Y","Y","Extension {[]} {[]}
","Extensions that cannot be ignored even if unrecognized","May be used to represent additional information that is not part of the basic definition of the element and that modifies the understanding of the element in which it is contained and/or the understanding of the containing element's descendants. Usually modifier elements provide negation or qualification. To make the use of extensions safe and manageable, there is a strict set of governance applied to the definition and use of extensions. Though any implementer can define an extension, there is a set of requirements that SHALL be met as part of the definition of the extension. Applications processing a resource are required to check for modifier extensions.

Modifier extensions SHALL NOT change the meaning of any elements on Resource or DomainResource (including cannot change the meaning of modifierExtension itself).","There can be no stigma associated with the use of extensions by any application, project, or standard - regardless of the institution or jurisdiction that uses or defines the extensions.  The use of extensions is what allows the FHIR specification to retain a core level of simplicity for everyone.","Modifier extensions allow for extensions that *cannot* be safely ignored to be clearly distinguished from the vast majority of extensions which can be safely ignored.  This promotes interoperability by eliminating the need for implementers to prohibit the presence of extensions. For further information, see the [definition of modifier extensions](http://hl7.org/fhir/R4/extensibility.html#modifierExtension).","","","","","","","",,,,,"",,,,"BackboneElement.modifierExtension",0,*,"","ele-1:All FHIR elements must have a @value or children {hasValue() or (children().count() > id.count())}
ext-1:Must have either extensions or value[x], not both {extension.exists() != value.exists()}"
"EMSProtocol.handover.priority","EMSProtocol.handover.priority","","","",0,1,"","","","CodeableConcept {[]} {[]}
","Priorität","Priorität","","","","","","","","","",,"extensible","IVR VS (SCT)","http://fhir.ch/ig/ch-ems/ValueSet/IVR-VS-hospitalPriority","",,,,"EMSProtocol.handover.priority",0,1,"",""
"EMSProtocol.handover.conditionChange","EMSProtocol.handover.conditionChange","","","",0,1,"","","","CodeableConcept {[]} {[]}
","Zustandsveränderung","Zustandsveränderung","","","","","","","","","",,"extensible","IVR VS (SCT)","http://fhir.ch/ig/ch-ems/ValueSet/IVR-VS-result","",,,,"EMSProtocol.handover.conditionChange",0,1,"",""
"EMSProtocol.handover.injurySeverity","EMSProtocol.handover.injurySeverity","","","",0,1,"","","","CodeableConcept {[]} {[]}
","Verletzungsschwere gemäss NACA-Score","Verletzungsschwere gemäss NACA-Score","","","","","","","","","",,"extensible","IVR VS (IVR)","http://fhir.ch/ig/ch-ems/ValueSet/IVR-VS-NACA","",,,,"EMSProtocol.handover.injurySeverity",0,1,"",""
"EMSProtocol.handover.gcs","EMSProtocol.handover.gcs","","","",0,1,"","","","BackboneElement {[]} {[]}
","Glasgow Coma Scale (GCS)","Glasgow Coma Scale (GCS)","","","","","","","","","",,,,,"",,,,"EMSProtocol.handover.gcs",0,1,"","ele-1:All FHIR elements must have a @value or children {hasValue() or (children().count() > id.count())}
"
"EMSProtocol.handover.gcs.id","EMSProtocol.handover.gcs.id","","","",0,1,"","","","string {[]} {[]}
","Unique id for inter-element referencing","Unique id for the element within a resource (for internal references). This may be any string value that does not contain spaces.","","","","","","","","","",,,,,"",,,,"Element.id",0,1,"",""
"EMSProtocol.handover.gcs.extension","EMSProtocol.handover.gcs.extension","","extensions
user content","",0,*,"","","","Extension {[]} {[]}
","Additional content defined by implementations","May be used to represent additional information that is not part of the basic definition of the element. To make the use of extensions safe and manageable, there is a strict set of governance  applied to the definition and use of extensions. Though any implementer can define an extension, there is a set of requirements that SHALL be met as part of the definition of the extension.","There can be no stigma associated with the use of extensions by any application, project, or standard - regardless of the institution or jurisdiction that uses or defines the extensions.  The use of extensions is what allows the FHIR specification to retain a core level of simplicity for everyone.","","","","","","","","",,,,,"","value:url}
","Extensions are always sliced by (at least) url",,"open","Element.extension",0,*,"","ele-1:All FHIR elements must have a @value or children {hasValue() or (children().count() > id.count())}
ext-1:Must have either extensions or value[x], not both {extension.exists() != value.exists()}"
"EMSProtocol.handover.gcs.modifierExtension","EMSProtocol.handover.gcs.modifierExtension","","extensions
user contentmodifiers","",0,*,"","Y","Y","Extension {[]} {[]}
","Extensions that cannot be ignored even if unrecognized","May be used to represent additional information that is not part of the basic definition of the element and that modifies the understanding of the element in which it is contained and/or the understanding of the containing element's descendants. Usually modifier elements provide negation or qualification. To make the use of extensions safe and manageable, there is a strict set of governance applied to the definition and use of extensions. Though any implementer can define an extension, there is a set of requirements that SHALL be met as part of the definition of the extension. Applications processing a resource are required to check for modifier extensions.

Modifier extensions SHALL NOT change the meaning of any elements on Resource or DomainResource (including cannot change the meaning of modifierExtension itself).","There can be no stigma associated with the use of extensions by any application, project, or standard - regardless of the institution or jurisdiction that uses or defines the extensions.  The use of extensions is what allows the FHIR specification to retain a core level of simplicity for everyone.","Modifier extensions allow for extensions that *cannot* be safely ignored to be clearly distinguished from the vast majority of extensions which can be safely ignored.  This promotes interoperability by eliminating the need for implementers to prohibit the presence of extensions. For further information, see the [definition of modifier extensions](http://hl7.org/fhir/R4/extensibility.html#modifierExtension).","","","","","","","",,,,,"",,,,"BackboneElement.modifierExtension",0,*,"","ele-1:All FHIR elements must have a @value or children {hasValue() or (children().count() > id.count())}
ext-1:Must have either extensions or value[x], not both {extension.exists() != value.exists()}"
"EMSProtocol.handover.gcs.total","EMSProtocol.handover.gcs.total","","","",0,1,"","","","integer {[]} {[]}
","Gesamtscore","Gesamtscore","","","","","","","","","",,,,,"",,,,"EMSProtocol.handover.gcs.total",0,1,"",""
"EMSProtocol.handover.gcs.eyeOpening","EMSProtocol.handover.gcs.eyeOpening","","","",0,1,"","","","BackboneElement {[]} {[]}
","Augenöffnung","Augenöffnung","","","","","","","","","",,,,,"",,,,"EMSProtocol.handover.gcs.eyeOpening",0,1,"","ele-1:All FHIR elements must have a @value or children {hasValue() or (children().count() > id.count())}
"
"EMSProtocol.handover.gcs.eyeOpening.id","EMSProtocol.handover.gcs.eyeOpening.id","","","",0,1,"","","","string {[]} {[]}
","Unique id for inter-element referencing","Unique id for the element within a resource (for internal references). This may be any string value that does not contain spaces.","","","","","","","","","",,,,,"",,,,"Element.id",0,1,"",""
"EMSProtocol.handover.gcs.eyeOpening.extension","EMSProtocol.handover.gcs.eyeOpening.extension","","extensions
user content","",0,*,"","","","Extension {[]} {[]}
","Additional content defined by implementations","May be used to represent additional information that is not part of the basic definition of the element. To make the use of extensions safe and manageable, there is a strict set of governance  applied to the definition and use of extensions. Though any implementer can define an extension, there is a set of requirements that SHALL be met as part of the definition of the extension.","There can be no stigma associated with the use of extensions by any application, project, or standard - regardless of the institution or jurisdiction that uses or defines the extensions.  The use of extensions is what allows the FHIR specification to retain a core level of simplicity for everyone.","","","","","","","","",,,,,"","value:url}
","Extensions are always sliced by (at least) url",,"open","Element.extension",0,*,"","ele-1:All FHIR elements must have a @value or children {hasValue() or (children().count() > id.count())}
ext-1:Must have either extensions or value[x], not both {extension.exists() != value.exists()}"
"EMSProtocol.handover.gcs.eyeOpening.modifierExtension","EMSProtocol.handover.gcs.eyeOpening.modifierExtension","","extensions
user contentmodifiers","",0,*,"","Y","Y","Extension {[]} {[]}
","Extensions that cannot be ignored even if unrecognized","May be used to represent additional information that is not part of the basic definition of the element and that modifies the understanding of the element in which it is contained and/or the understanding of the containing element's descendants. Usually modifier elements provide negation or qualification. To make the use of extensions safe and manageable, there is a strict set of governance applied to the definition and use of extensions. Though any implementer can define an extension, there is a set of requirements that SHALL be met as part of the definition of the extension. Applications processing a resource are required to check for modifier extensions.

Modifier extensions SHALL NOT change the meaning of any elements on Resource or DomainResource (including cannot change the meaning of modifierExtension itself).","There can be no stigma associated with the use of extensions by any application, project, or standard - regardless of the institution or jurisdiction that uses or defines the extensions.  The use of extensions is what allows the FHIR specification to retain a core level of simplicity for everyone.","Modifier extensions allow for extensions that *cannot* be safely ignored to be clearly distinguished from the vast majority of extensions which can be safely ignored.  This promotes interoperability by eliminating the need for implementers to prohibit the presence of extensions. For further information, see the [definition of modifier extensions](http://hl7.org/fhir/R4/extensibility.html#modifierExtension).","","","","","","","",,,,,"",,,,"BackboneElement.modifierExtension",0,*,"","ele-1:All FHIR elements must have a @value or children {hasValue() or (children().count() > id.count())}
ext-1:Must have either extensions or value[x], not both {extension.exists() != value.exists()}"
"EMSProtocol.handover.gcs.eyeOpening.score","EMSProtocol.handover.gcs.eyeOpening.score","","","",0,1,"","","","integer {[]} {[]}
","Score","Score","","","","","","","","","",,,,,"",,,,"EMSProtocol.handover.gcs.eyeOpening.score",0,1,"",""
"EMSProtocol.handover.gcs.eyeOpening.description","EMSProtocol.handover.gcs.eyeOpening.description","","","",0,1,"","","","CodeableConcept {[]} {[]}
","Beschreibung","Beschreibung","","","","","","","","","",,"extensible","IVR VS (SCT & IVR)","http://fhir.ch/ig/ch-ems/ValueSet/IVR-VS-gcs-augenoeffnung","",,,,"EMSProtocol.handover.gcs.eyeOpening.description",0,1,"",""
"EMSProtocol.handover.gcs.verbalResponse","EMSProtocol.handover.gcs.verbalResponse","","","",0,1,"","","","BackboneElement {[]} {[]}
","verbale Kommunikation","verbale Kommunikation","","","","","","","","","",,,,,"",,,,"EMSProtocol.handover.gcs.verbalResponse",0,1,"","ele-1:All FHIR elements must have a @value or children {hasValue() or (children().count() > id.count())}
"
"EMSProtocol.handover.gcs.verbalResponse.id","EMSProtocol.handover.gcs.verbalResponse.id","","","",0,1,"","","","string {[]} {[]}
","Unique id for inter-element referencing","Unique id for the element within a resource (for internal references). This may be any string value that does not contain spaces.","","","","","","","","","",,,,,"",,,,"Element.id",0,1,"",""
"EMSProtocol.handover.gcs.verbalResponse.extension","EMSProtocol.handover.gcs.verbalResponse.extension","","extensions
user content","",0,*,"","","","Extension {[]} {[]}
","Additional content defined by implementations","May be used to represent additional information that is not part of the basic definition of the element. To make the use of extensions safe and manageable, there is a strict set of governance  applied to the definition and use of extensions. Though any implementer can define an extension, there is a set of requirements that SHALL be met as part of the definition of the extension.","There can be no stigma associated with the use of extensions by any application, project, or standard - regardless of the institution or jurisdiction that uses or defines the extensions.  The use of extensions is what allows the FHIR specification to retain a core level of simplicity for everyone.","","","","","","","","",,,,,"","value:url}
","Extensions are always sliced by (at least) url",,"open","Element.extension",0,*,"","ele-1:All FHIR elements must have a @value or children {hasValue() or (children().count() > id.count())}
ext-1:Must have either extensions or value[x], not both {extension.exists() != value.exists()}"
"EMSProtocol.handover.gcs.verbalResponse.modifierExtension","EMSProtocol.handover.gcs.verbalResponse.modifierExtension","","extensions
user contentmodifiers","",0,*,"","Y","Y","Extension {[]} {[]}
","Extensions that cannot be ignored even if unrecognized","May be used to represent additional information that is not part of the basic definition of the element and that modifies the understanding of the element in which it is contained and/or the understanding of the containing element's descendants. Usually modifier elements provide negation or qualification. To make the use of extensions safe and manageable, there is a strict set of governance applied to the definition and use of extensions. Though any implementer can define an extension, there is a set of requirements that SHALL be met as part of the definition of the extension. Applications processing a resource are required to check for modifier extensions.

Modifier extensions SHALL NOT change the meaning of any elements on Resource or DomainResource (including cannot change the meaning of modifierExtension itself).","There can be no stigma associated with the use of extensions by any application, project, or standard - regardless of the institution or jurisdiction that uses or defines the extensions.  The use of extensions is what allows the FHIR specification to retain a core level of simplicity for everyone.","Modifier extensions allow for extensions that *cannot* be safely ignored to be clearly distinguished from the vast majority of extensions which can be safely ignored.  This promotes interoperability by eliminating the need for implementers to prohibit the presence of extensions. For further information, see the [definition of modifier extensions](http://hl7.org/fhir/R4/extensibility.html#modifierExtension).","","","","","","","",,,,,"",,,,"BackboneElement.modifierExtension",0,*,"","ele-1:All FHIR elements must have a @value or children {hasValue() or (children().count() > id.count())}
ext-1:Must have either extensions or value[x], not both {extension.exists() != value.exists()}"
"EMSProtocol.handover.gcs.verbalResponse.score","EMSProtocol.handover.gcs.verbalResponse.score","","","",0,1,"","","","integer {[]} {[]}
","Score","Score","","","","","","","","","",,,,,"",,,,"EMSProtocol.handover.gcs.verbalResponse.score",0,1,"",""
"EMSProtocol.handover.gcs.verbalResponse.description","EMSProtocol.handover.gcs.verbalResponse.description","","","",0,1,"","","","CodeableConcept {[]} {[]}
","Beschreibung","Beschreibung","","","","","","","","","",,"extensible","IVR VS (SCT & IVR)","http://fhir.ch/ig/ch-ems/ValueSet/IVR-VS-gcsVerbal","",,,,"EMSProtocol.handover.gcs.verbalResponse.description",0,1,"",""
"EMSProtocol.handover.gcs.motorResponse","EMSProtocol.handover.gcs.motorResponse","","","",0,1,"","","","BackboneElement {[]} {[]}
","motorische Reaktion","motorische Reaktion","","","","","","","","","",,,,,"",,,,"EMSProtocol.handover.gcs.motorResponse",0,1,"","ele-1:All FHIR elements must have a @value or children {hasValue() or (children().count() > id.count())}
"
"EMSProtocol.handover.gcs.motorResponse.id","EMSProtocol.handover.gcs.motorResponse.id","","","",0,1,"","","","string {[]} {[]}
","Unique id for inter-element referencing","Unique id for the element within a resource (for internal references). This may be any string value that does not contain spaces.","","","","","","","","","",,,,,"",,,,"Element.id",0,1,"",""
"EMSProtocol.handover.gcs.motorResponse.extension","EMSProtocol.handover.gcs.motorResponse.extension","","extensions
user content","",0,*,"","","","Extension {[]} {[]}
","Additional content defined by implementations","May be used to represent additional information that is not part of the basic definition of the element. To make the use of extensions safe and manageable, there is a strict set of governance  applied to the definition and use of extensions. Though any implementer can define an extension, there is a set of requirements that SHALL be met as part of the definition of the extension.","There can be no stigma associated with the use of extensions by any application, project, or standard - regardless of the institution or jurisdiction that uses or defines the extensions.  The use of extensions is what allows the FHIR specification to retain a core level of simplicity for everyone.","","","","","","","","",,,,,"","value:url}
","Extensions are always sliced by (at least) url",,"open","Element.extension",0,*,"","ele-1:All FHIR elements must have a @value or children {hasValue() or (children().count() > id.count())}
ext-1:Must have either extensions or value[x], not both {extension.exists() != value.exists()}"
"EMSProtocol.handover.gcs.motorResponse.modifierExtension","EMSProtocol.handover.gcs.motorResponse.modifierExtension","","extensions
user contentmodifiers","",0,*,"","Y","Y","Extension {[]} {[]}
","Extensions that cannot be ignored even if unrecognized","May be used to represent additional information that is not part of the basic definition of the element and that modifies the understanding of the element in which it is contained and/or the understanding of the containing element's descendants. Usually modifier elements provide negation or qualification. To make the use of extensions safe and manageable, there is a strict set of governance applied to the definition and use of extensions. Though any implementer can define an extension, there is a set of requirements that SHALL be met as part of the definition of the extension. Applications processing a resource are required to check for modifier extensions.

Modifier extensions SHALL NOT change the meaning of any elements on Resource or DomainResource (including cannot change the meaning of modifierExtension itself).","There can be no stigma associated with the use of extensions by any application, project, or standard - regardless of the institution or jurisdiction that uses or defines the extensions.  The use of extensions is what allows the FHIR specification to retain a core level of simplicity for everyone.","Modifier extensions allow for extensions that *cannot* be safely ignored to be clearly distinguished from the vast majority of extensions which can be safely ignored.  This promotes interoperability by eliminating the need for implementers to prohibit the presence of extensions. For further information, see the [definition of modifier extensions](http://hl7.org/fhir/R4/extensibility.html#modifierExtension).","","","","","","","",,,,,"",,,,"BackboneElement.modifierExtension",0,*,"","ele-1:All FHIR elements must have a @value or children {hasValue() or (children().count() > id.count())}
ext-1:Must have either extensions or value[x], not both {extension.exists() != value.exists()}"
"EMSProtocol.handover.gcs.motorResponse.score","EMSProtocol.handover.gcs.motorResponse.score","","","",0,1,"","","","integer {[]} {[]}
","Score","Score","","","","","","","","","",,,,,"",,,,"EMSProtocol.handover.gcs.motorResponse.score",0,1,"",""
"EMSProtocol.handover.gcs.motorResponse.description","EMSProtocol.handover.gcs.motorResponse.description","","","",0,1,"","","","CodeableConcept {[]} {[]}
","Beschreibung","Beschreibung","","","","","","","","","",,"extensible","IVR VS (SCT & IVR)","http://fhir.ch/ig/ch-ems/ValueSet/IVR-VS-gcsMotoric","",,,,"EMSProtocol.handover.gcs.motorResponse.description",0,1,"",""
"EMSProtocol.handover.recipient","EMSProtocol.handover.recipient","","","",0,1,"","","","BackboneElement {[]} {[]}
","Übergabe an","Übergabe an","","","","","","","","","",,,,,"",,,,"EMSProtocol.handover.recipient",0,1,"","ele-1:All FHIR elements must have a @value or children {hasValue() or (children().count() > id.count())}
"
"EMSProtocol.handover.recipient.id","EMSProtocol.handover.recipient.id","","","",0,1,"","","","string {[]} {[]}
","Unique id for inter-element referencing","Unique id for the element within a resource (for internal references). This may be any string value that does not contain spaces.","","","","","","","","","",,,,,"",,,,"Element.id",0,1,"",""
"EMSProtocol.handover.recipient.extension","EMSProtocol.handover.recipient.extension","","extensions
user content","",0,*,"","","","Extension {[]} {[]}
","Additional content defined by implementations","May be used to represent additional information that is not part of the basic definition of the element. To make the use of extensions safe and manageable, there is a strict set of governance  applied to the definition and use of extensions. Though any implementer can define an extension, there is a set of requirements that SHALL be met as part of the definition of the extension.","There can be no stigma associated with the use of extensions by any application, project, or standard - regardless of the institution or jurisdiction that uses or defines the extensions.  The use of extensions is what allows the FHIR specification to retain a core level of simplicity for everyone.","","","","","","","","",,,,,"","value:url}
","Extensions are always sliced by (at least) url",,"open","Element.extension",0,*,"","ele-1:All FHIR elements must have a @value or children {hasValue() or (children().count() > id.count())}
ext-1:Must have either extensions or value[x], not both {extension.exists() != value.exists()}"
"EMSProtocol.handover.recipient.modifierExtension","EMSProtocol.handover.recipient.modifierExtension","","extensions
user contentmodifiers","",0,*,"","Y","Y","Extension {[]} {[]}
","Extensions that cannot be ignored even if unrecognized","May be used to represent additional information that is not part of the basic definition of the element and that modifies the understanding of the element in which it is contained and/or the understanding of the containing element's descendants. Usually modifier elements provide negation or qualification. To make the use of extensions safe and manageable, there is a strict set of governance applied to the definition and use of extensions. Though any implementer can define an extension, there is a set of requirements that SHALL be met as part of the definition of the extension. Applications processing a resource are required to check for modifier extensions.

Modifier extensions SHALL NOT change the meaning of any elements on Resource or DomainResource (including cannot change the meaning of modifierExtension itself).","There can be no stigma associated with the use of extensions by any application, project, or standard - regardless of the institution or jurisdiction that uses or defines the extensions.  The use of extensions is what allows the FHIR specification to retain a core level of simplicity for everyone.","Modifier extensions allow for extensions that *cannot* be safely ignored to be clearly distinguished from the vast majority of extensions which can be safely ignored.  This promotes interoperability by eliminating the need for implementers to prohibit the presence of extensions. For further information, see the [definition of modifier extensions](http://hl7.org/fhir/R4/extensibility.html#modifierExtension).","","","","","","","",,,,,"",,,,"BackboneElement.modifierExtension",0,*,"","ele-1:All FHIR elements must have a @value or children {hasValue() or (children().count() > id.count())}
ext-1:Must have either extensions or value[x], not both {extension.exists() != value.exists()}"
"EMSProtocol.handover.recipient.organisation","EMSProtocol.handover.recipient.organisation","","","",1,1,"","","","Organization {[]} {[]}
","Organisation (Zielort)","Organisation (Zielort)","","","","","","","","","",,,,,"",,,,"EMSProtocol.handover.recipient.organisation",1,1,"",""
"EMSProtocol.handover.recipient.practitioner","EMSProtocol.handover.recipient.practitioner","","","",0,*,"","","","Practitioner {[]} {[]}
","Verantwortliche Person","Verantwortliche Person","","","","","","","","","",,,,,"",,,,"EMSProtocol.handover.recipient.practitioner",0,*,"",""
"EMSProtocol.annotation","EMSProtocol.annotation","","","",0,1,"","","","string {[]} {[]}
","Bemerkungen","Bemerkungen","","","","","","","","","",,,,,"",,,,"EMSProtocol.annotation",0,1,"",""
